1766983126.699981 0.702839
1766983126.799840 1.447205
1766983126.899935 2.312668
1766983126.999780 3.753593
1766983127.099995 5.275647
1766983127.199845 6.749532
1766983127.299918 7.906391
1766983127.399886 8.774190
1766983127.499980 9.426647
1766983127.599814 10.041102
1766983127.699903 10.431622
1766983127.799986 10.860341
1766983127.899821 11.286083
1766983127.999896 11.769094
1766983128.099989 12.271132
1766983128.199836 12.813192
1766983128.299922 13.351813
1766983128.399877 13.848603
1766983128.499960 14.305690
1766983128.599807 14.728182
1766983128.699897 15.135839
1766983128.799986 15.588357
1766983128.899831 16.030077
1766983128.999938 16.424788
1766983129.099780 16.804975
1766983129.199889 17.127026
1766983129.299975 17.335880
1766983129.399800 17.482959
1766983129.499990 17.585301
1766983129.599842 17.657954
1766983129.699929 17.703708
1766983129.799893 17.707395
1766983129.899983 17.664415
1766983129.999834 17.657386
1766983130.099930 17.618478
1766983130.199897 17.601117
1766983130.299992 17.658191
1766983130.399830 17.752435
1766983130.499918 17.759101
1766983130.599887 17.784532
1766983130.699971 17.823820
1766983130.799805 17.839955
1766983130.899896 17.823716
1766983130.999983 17.880487
1766983131.099829 17.940269
1766983131.199927 17.986827
1766983131.299882 18.060523
1766983131.399967 18.170706
1766983131.499806 18.266680
1766983131.599901 18.303294
1766983131.699988 18.353327
1766983131.799833 18.358055
1766983131.899930 18.385243
1766983131.999776 18.354525
1766983132.099982 18.367318
1766983132.199818 18.444596
1766983132.299911 18.512729
1766983132.399878 18.516738
1766983132.499971 18.548967
1766983132.599809 18.604778
1766983132.699894 18.564130
1766983132.799973 18.495009
1766983132.899826 18.489181
1766983132.999924 18.473437
1766983133.099875 18.453038
1766983133.199966 18.491066
1766983133.299793 18.523852
1766983133.399876 18.542179
1766983133.499967 18.576638
1766983133.599793 18.580326
1766983133.699889 18.567018
1766983133.799993 18.583428
1766983133.899823 18.555754
1766983133.999915 18.542899
1766983134.099885 18.542313
1766983134.199981 18.538381
1766983134.299827 18.552560
1766983134.399920 18.565770
1766983134.499779 18.573777
1766983134.599981 18.632330
1766983134.699827 18.754979
1766983134.799920 18.911848
1766983134.899877 19.119608
1766983134.999971 19.348006
1766983135.099812 19.551622
1766983135.199900 19.765345
1766983135.299994 19.979043
1766983135.399841 20.212089
1766983135.499920 20.469546
1766983135.599775 20.814545
1766983135.699997 21.082112
1766983135.799835 21.341818
1766983135.899923 21.615389
1766983135.999878 21.855497
1766983136.099970 22.065909
1766983136.199814 22.279780
1766983136.299910 22.459505
1766983136.399998 22.613391
1766983136.499830 22.759569
1766983136.599925 22.902935
1766983136.699895 23.025073
1766983136.799995 23.126367
1766983136.899830 23.246048
1766983136.999918 23.372296
1766983137.099886 23.452800
1766983137.199966 23.513688
1766983137.299807 23.584917
1766983137.399903 23.546180
1766983137.499989 23.485766
1766983137.599832 23.386494
1766983137.699903 23.283513
1766983137.799989 23.180552
1766983137.899826 23.060124
1766983137.999913 22.963844
1766983138.099991 22.830015
1766983138.199838 22.707558
1766983138.299926 22.544001
1766983138.399881 22.443530
1766983138.499966 22.306998
1766983138.599803 22.211050
1766983138.699892 22.087261
1766983138.799985 21.956564
1766983138.899821 21.835861
1766983138.999919 21.706736
1766983139.099889 21.553981
1766983139.199981 21.478447
1766983139.299814 21.437083
1766983139.399898 21.353659
1766983139.499995 21.267391
1766983139.599823 21.231684
1766983139.699927 21.162830
1766983139.799890 21.138884
1766983139.899984 21.101494
1766983139.999814 21.071785
1766983140.099905 21.002551
1766983140.199993 20.967422
1766983140.299833 20.888472
1766983140.399921 20.884787
1766983140.499879 20.860566
1766983140.599969 20.838692
1766983140.699802 20.812424
1766983140.799881 20.804816
1766983140.899982 20.776110
1766983140.999812 20.795637
1766983141.099897 20.808025
1766983141.199991 20.797546
1766983141.299845 20.750245
1766983141.399941 20.701127
1766983141.499782 20.645017
1766983141.599887 20.624670
1766983141.699986 20.614913
1766983141.799819 20.576863
1766983141.899902 20.568493
1766983141.999991 20.575096
1766983142.099830 20.606416
1766983142.199928 20.573357
1766983142.299778 20.585884
1766983142.399989 20.590075
1766983142.499823 20.575317
1766983142.599908 20.534540
1766983142.699990 20.546986
1766983142.799832 20.547442
1766983142.899936 20.523806
1766983142.999898 20.545256
1766983143.099985 20.571937
1766983143.199816 20.572355
1766983143.299900 20.554158
1766983143.399985 20.523078
1766983143.499842 20.515871
1766983143.599925 20.535002
1766983143.699895 20.582951
1766983143.799979 20.672924
1766983143.899815 20.791578
1766983143.999920 20.830011
1766983144.099887 20.837488
1766983144.199971 20.881936
1766983144.299809 20.908737
1766983144.399904 20.898843
1766983144.499875 20.931851
1766983144.599965 20.969551
1766983144.699809 20.998821
1766983144.799889 21.095860
1766983144.899992 21.248856
1766983144.999832 21.329102
1766983145.099912 21.403450
1766983145.199895 21.463016
1766983145.299978 21.449066
1766983145.399821 21.437405
1766983145.499935 21.447588
1766983145.599780 21.441742
1766983145.699987 21.436885
1766983145.799830 21.489357
1766983145.899924 21.541661
1766983145.999884 21.627805
1766983146.099960 21.714480
1766983146.199796 21.772187
1766983146.299886 21.760630
1766983146.399959 21.774426
1766983146.499810 21.764670
1766983146.599903 21.763866
1766983146.699988 21.755165
1766983146.799840 21.844562
1766983146.899938 21.875323
1766983146.999791 21.919616
1766983147.099896 22.012705
1766983147.199978 22.123581
1766983147.299830 22.156166
1766983147.399917 22.261910
1766983147.499892 22.391230
1766983147.599971 22.459157
1766983147.699812 22.520761
1766983147.799898 22.593440
1766983147.899993 22.663504
1766983147.999830 22.750882
1766983148.099921 22.818106
1766983148.199997 22.928917
1766983148.299837 23.038300
1766983148.399927 23.047208
1766983148.499896 23.041330
1766983148.599980 23.059179
1766983148.699814 23.022665
1766983148.799893 22.975977
1766983148.899985 23.005937
1766983148.999821 23.037397
1766983149.099904 23.069305
1766983149.199875 23.109742
1766983149.299982 23.183759
1766983149.399807 23.204188
1766983149.499898 23.201672
1766983149.599986 23.170999
1766983149.699836 23.107653
1766983149.799918 23.049542
1766983149.899878 22.990161
1766983149.999976 22.963918
1766983150.099825 22.978289
1766983150.199905 23.000812
1766983150.299994 23.010790
1766983150.399829 23.004066
1766983150.499924 22.971484
1766983150.599895 22.951306
1766983150.699986 22.956834
1766983150.799822 22.954332
1766983150.899915 22.972265
1766983150.999882 22.959339
1766983151.099969 22.949101
1766983151.199796 22.938259
1766983151.299898 22.885523
1766983151.399980 22.852141
1766983151.499830 22.845041
1766983151.599910 22.815377
1766983151.699880 22.800748
1766983151.799970 22.786101
1766983151.899816 22.788080
1766983151.999904 22.830497
1766983152.099991 22.887002
1766983152.199841 22.880637
1766983152.299921 22.922716
1766983152.399880 22.943488
1766983152.499960 22.914611
1766983152.599810 22.869405
1766983152.699899 22.867257
1766983152.799971 22.864584
1766983152.899809 22.860047
1766983152.999894 22.839087
1766983153.099985 22.837138
1766983153.199833 22.807256
1766983153.299922 22.747388
1766983153.399899 22.696151
1766983153.499986 22.658834
1766983153.599834 22.608161
1766983153.699906 22.602022
1766983153.799991 22.629875
1766983153.899839 22.647765
1766983153.999929 22.647894
1766983154.099891 22.621903
1766983154.199977 22.528969
1766983154.299813 22.424223
1766983154.399917 22.362329
1766983154.499996 22.343352
1766983154.599828 22.353987
1766983154.699921 22.351091
1766983154.799884 22.301171
1766983154.899967 22.226677
1766983154.999802 22.151433
1766983155.099887 22.056731
1766983155.199977 22.024270
1766983155.299793 22.069166
1766983155.399879 22.175878
1766983155.499977 22.198184
1766983155.599814 22.239515
1766983155.699905 22.245359
1766983155.799986 22.248930
1766983155.899835 22.211355
1766983155.999917 22.220719
1766983156.099894 22.264469
1766983156.199987 22.333207
1766983156.299824 22.372900
1766983156.399913 22.388669
1766983156.499998 22.460855
1766983156.599839 22.433057
1766983156.699923 22.408719
1766983156.799884 22.375067
1766983156.899965 22.383789
1766983156.999808 22.400883
1766983157.099897 22.490180
1766983157.199993 22.600583
1766983157.299831 22.693120
1766983157.399927 22.683938
1766983157.499895 22.607386
1766983157.599988 22.529870
1766983157.699829 22.457415
1766983157.799917 22.436453
1766983157.899895 22.460691
1766983157.999991 22.514856
1766983158.099835 22.521911
1766983158.199920 22.489311
1766983158.299876 22.441860
1766983158.399965 22.403262
1766983158.499799 22.369482
1766983158.599877 22.344978
1766983158.699959 22.342911
1766983158.799798 22.337823
1766983158.899894 22.328743
1766983158.999983 22.318723
1766983159.099831 22.275286
1766983159.199912 22.299829
1766983159.299884 22.292941
1766983159.399972 22.278299
1766983159.499817 22.219714
1766983159.599912 22.208224
1766983159.699995 22.173555
1766983159.799830 22.122529
1766983159.899915 22.077762
1766983159.999876 22.108699
1766983160.099957 22.095860
1766983160.199803 22.061021
1766983160.299906 22.059384
1766983160.399992 22.085963
1766983160.499835 22.045110
1766983160.599924 22.023119
1766983160.699882 21.998636
1766983160.799971 21.951129
1766983160.899810 21.900944
1766983160.999884 21.886626
1766983161.099972 21.892319
1766983161.199812 21.872185
1766983161.299919 21.862506
1766983161.399889 21.795531
1766983161.499969 21.678181
1766983161.599814 21.607703
1766983161.699915 21.566637
1766983161.799993 21.553424
1766983161.899835 21.549232
1766983161.999928 21.550326
1766983162.099888 21.516718
1766983162.199988 21.493424
1766983162.299833 21.474160
1766983162.399917 21.473735
1766983162.499884 21.426791
1766983162.599980 21.384184
1766983162.699816 21.328314
1766983162.799895 21.289989
1766983162.899981 21.268949
1766983162.999822 21.342925
1766983163.099913 21.402579
1766983163.199885 21.454684
1766983163.299970 21.458901
1766983163.399803 21.436163
1766983163.499908 21.417888
1766983163.599884 21.411068
1766983163.699969 21.425344
1766983163.799823 21.445871
1766983163.899916 21.457983
1766983163.999882 21.449903
1766983164.099968 21.431266
1766983164.199803 21.412670
1766983164.299899 21.405623
1766983164.399979 21.455922
1766983164.499828 21.464420
1766983164.599920 21.438924
1766983164.699886 21.359255
1766983164.799974 21.274922
1766983164.899825 21.166846
1766983164.999916 21.111232
1766983165.099893 21.136701
1766983165.199993 21.166108
1766983165.299832 21.195134
1766983165.399923 21.189249
1766983165.499884 21.153043
1766983165.599971 21.091746
1766983165.699804 21.026212
1766983165.799909 20.962070
1766983165.899993 20.912721
1766983165.999825 20.891438
1766983166.099914 20.851127
1766983166.199888 20.811678
1766983166.299983 20.788252
1766983166.399822 20.808612
1766983166.499919 20.826736
1766983166.599880 20.825450
1766983166.699977 20.838610
1766983166.799823 20.830800
1766983166.899918 20.745473
1766983166.999997 20.674534
1766983167.099835 20.688654
1766983167.199932 20.753490
1766983167.299892 20.817043
1766983167.399984 20.919745
1766983167.499823 20.985995
1766983167.599901 21.026860
1766983167.699987 21.016261
1766983167.799815 21.047425
1766983167.899910 21.053824
1766983167.999884 21.053541
1766983168.099966 21.049162
1766983168.199805 21.065653
1766983168.299903 21.043979
1766983168.399880 21.067919
1766983168.499970 21.060792
1766983168.599809 21.031090
1766983168.699998 20.976212
1766983168.799840 20.953072
1766983168.899920 20.908866
1766983168.999879 20.847560
1766983169.099968 20.768664
1766983169.199813 20.693440
1766983169.299890 20.625300
1766983169.399977 20.566142
1766983169.499810 20.576704
1766983169.599898 20.619350
1766983169.699988 20.636509
1766983169.799831 20.637553
1766983169.899911 20.623122
1766983169.999889 20.605643
1766983170.099978 20.554059
1766983170.199823 20.540947
1766983170.299915 20.472629
1766983170.399886 20.438225
1766983170.499975 20.413211
1766983170.599805 20.399378
1766983170.699892 20.350446
1766983170.799985 20.299115
1766983170.899824 20.248714
1766983170.999907 20.168892
1766983171.099876 20.074497
1766983171.199970 20.029215
1766983171.299801 20.040520
1766983171.399897 19.995239
1766983171.499875 19.999042
1766983171.599981 19.978750
1766983171.699818 19.947039
1766983171.799902 19.823947
1766983171.899973 19.716672
1766983171.999811 19.604658
1766983172.099888 19.557272
1766983172.199971 19.460535
1766983172.299815 19.431680
1766983172.399902 19.401386
1766983172.499883 19.323599
1766983172.599968 19.218789
1766983172.699814 19.116125
1766983172.799908 19.030332
1766983172.899884 18.939324
1766983172.999966 18.871532
1766983173.099820 18.792507
1766983173.199900 18.751423
1766983173.299988 18.687957
1766983173.399823 18.603133
1766983173.499918 18.507535
1766983173.599880 18.437112
1766983173.699982 18.391630
1766983173.799830 18.371537
1766983173.899936 18.387982
1766983173.999886 18.408818
1766983174.099979 18.428523
1766983174.199810 18.370236
1766983174.299913 18.308743
1766983174.399879 18.253125
1766983174.499984 18.203997
1766983174.599826 18.148061
1766983174.699910 18.145269
1766983174.799876 18.157776
1766983174.899964 18.201263
1766983174.999809 18.238766
1766983175.099905 18.241375
1766983175.199992 18.252831
1766983175.299831 18.272517
1766983175.399919 18.337900
1766983175.499879 18.394715
1766983175.599975 18.462314
1766983175.699822 18.558508
1766983175.799909 18.612732
1766983175.899876 18.669538
1766983175.999958 18.718967
1766983176.099789 18.790427
1766983176.199877 18.872756
1766983176.299946 18.956439
1766983176.399787 18.992288
1766983176.499875 19.070542
1766983176.599974 19.138041
1766983176.699816 19.181433
1766983176.799917 19.280404
1766983176.899997 19.335904
1766983176.999834 19.390297
1766983177.099926 19.464068
1766983177.199887 19.525582
1766983177.299976 19.542909
1766983177.399819 19.638572
1766983177.499918 19.730986
1766983177.599998 19.815546
1766983177.699835 19.880484
1766983177.799934 19.978849
1766983177.899892 20.041640
1766983177.999985 20.080787
1766983178.099830 20.090957
1766983178.199918 20.127205
1766983178.299993 20.095482
1766983178.399830 20.056979
1766983178.499909 20.022874
1766983178.599996 19.998844
1766983178.699840 20.011885
1766983178.799923 20.029020
1766983178.899899 20.059381
1766983178.999985 20.063258
1766983179.099842 20.086476
1766983179.199931 20.091748
1766983179.299887 20.121602
1766983179.399967 20.093319
1766983179.499798 20.101831
1766983179.599896 20.061194
1766983179.699995 19.985576
1766983179.799836 19.965223
1766983179.899917 19.962948
1766983179.999890 19.910255
1766983180.099973 19.913448
1766983180.199801 19.941237
1766983180.299892 19.918084
1766983180.399983 19.935638
1766983180.499840 19.958786
1766983180.599935 19.962813
1766983180.699778 19.851385
1766983180.799989 19.727354
1766983180.899838 19.631901
1766983180.999928 19.605083
1766983181.099776 19.587733
1766983181.199877 19.670393
1766983181.299969 19.808544
1766983181.399804 19.787498
1766983181.499883 19.733117
1766983181.599978 19.736821
1766983181.699816 19.755093
1766983181.799898 19.758490
1766983181.899980 19.784330
1766983181.999827 19.789279
1766983182.099909 19.759732
1766983182.199984 19.664717
1766983182.299836 19.617411
1766983182.399915 19.720444
1766983182.499986 19.820111
1766983182.599826 19.840717
1766983182.699909 19.877600
1766983182.799996 19.809461
1766983182.899819 19.746264
1766983182.999915 19.701859
1766983183.099877 19.696880
1766983183.199963 19.739753
1766983183.299786 19.783281
1766983183.399993 19.710697
1766983183.499837 19.636988
1766983183.599905 19.574758
1766983183.699998 19.543745
1766983183.799847 19.569484
1766983183.899942 19.609286
1766983183.999893 19.678453
1766983184.099978 19.714911
1766983184.199804 19.728101
1766983184.299895 19.689297
1766983184.399974 19.637515
1766983184.499814 19.581712
1766983184.599895 19.626544
1766983184.699997 19.635183
1766983184.799840 19.652163
1766983184.899915 19.664647
1766983184.999999 19.649559
1766983185.099858 19.579333
1766983185.199953 19.541338
1766983185.299793 19.500097
1766983185.399882 19.509666
1766983185.499977 19.512882
1766983185.599815 19.466822
1766983185.699910 19.415913
1766983185.799882 19.420804
1766983185.899971 19.434777
1766983185.999800 19.492518
1766983186.099890 19.568344
1766983186.199970 19.594760
1766983186.299817 19.529393
1766983186.399924 19.468740
1766983186.499895 19.369167
1766983186.599973 19.362566
1766983186.699803 19.398452
1766983186.799890 19.445655
1766983186.899999 19.465150
1766983186.999839 19.523288
1766983187.099918 19.483192
1766983187.199997 19.422518
1766983187.299844 19.382820
1766983187.399949 19.354293
1766983187.499787 19.281850
1766983187.599879 19.271126
1766983187.699949 19.249331
1766983187.799778 19.250770
1766983187.899885 19.214473
1766983187.999988 19.223882
1766983188.099837 19.243516
1766983188.199924 19.264993
1766983188.299885 19.268064
1766983188.399975 19.308581
1766983188.499818 19.288749
1766983188.599896 19.234976
1766983188.699988 19.247292
1766983188.799833 19.266506
1766983188.899925 19.266981
1766983188.999890 19.279872
1766983189.099984 19.299855
1766983189.199831 19.275210
1766983189.299916 19.233797
1766983189.399886 19.224442
1766983189.499980 19.255766
1766983189.599802 19.262736
1766983189.699878 19.256227
1766983189.799979 19.221174
1766983189.899810 19.161385
1766983189.999884 19.077043
1766983190.099965 19.012640
1766983190.199812 18.938416
1766983190.299901 18.861909
1766983190.399975 18.768593
1766983190.499815 18.713270
1766983190.599903 18.688560
1766983190.699990 18.667313
1766983190.799833 18.644036
1766983190.899927 18.634356
1766983190.999896 18.641262
1766983191.099987 18.638631
1766983191.199819 18.609496
1766983191.299921 18.608186
1766983191.399891 18.604953
1766983191.499984 18.594282
1766983191.599825 18.598838
1766983191.699909 18.608665
1766983191.799981 18.653672
1766983191.899831 18.704365
1766983191.999936 18.707953
1766983192.099880 18.654992
1766983192.199975 18.647452
1766983192.299803 18.614981
1766983192.399894 18.558319
1766983192.499981 18.535227
1766983192.599810 18.543732
1766983192.699897 18.558708
1766983192.799987 18.601358
1766983192.899826 18.632082
1766983192.999908 18.640639
1766983193.099880 18.615266
1766983193.199984 18.585198
1766983193.299808 18.553607
1766983193.399899 18.556721
1766983193.499983 18.550458
1766983193.599812 18.567375
1766983193.699900 18.567541
1766983193.799991 18.582840
1766983193.899827 18.590549
1766983193.999920 18.606151
1766983194.099893 18.605875
1766983194.199981 18.621941
1766983194.299829 18.619659
1766983194.399921 18.630804
1766983194.499886 18.616406
1766983194.599977 18.617997
1766983194.699815 18.635505
1766983194.799904 18.646970
1766983194.899882 18.614182
1766983194.999980 18.641493
1766983195.099816 18.628499
1766983195.199908 18.606650
1766983195.299995 18.619074
1766983195.399839 18.656390
1766983195.499928 18.660508
1766983195.599887 18.641166
1766983195.699973 18.591833
1766983195.799809 18.454175
1766983195.899907 18.363041
1766983195.999877 18.300148
1766983196.099978 18.279664
1766983196.199825 18.274489
1766983196.299908 18.345904
1766983196.399993 18.384959
1766983196.499831 18.373724
1766983196.599919 18.399411
1766983196.699876 18.411483
1766983196.799967 18.418498
1766983196.899798 18.446414
1766983196.999885 18.509010
1766983197.099966 18.528470
1766983197.199813 18.574661
1766983197.299896 18.636551
1766983197.399980 18.698849
1766983197.499815 18.691083
1766983197.599908 18.728165
1766983197.699879 18.776284
1766983197.799969 18.855164
1766983197.899818 18.918679
1766983197.999900 19.026660
1766983198.099992 19.089229
1766983198.199824 19.140926
1766983198.299925 19.210505
1766983198.399898 19.281361
1766983198.499980 19.383529
1766983198.599837 19.520095
1766983198.699916 19.633087
1766983198.799888 19.688219
1766983198.899992 19.726925
1766983198.999852 19.741989
1766983199.099939 19.765672
1766983199.199788 19.815890
1766983199.299883 19.837824
1766983199.399980 19.921053
1766983199.499838 20.048872
1766983199.599930 20.218903
1766983199.699783 20.377992
1766983199.799998 20.557418
1766983199.899831 20.635242
1766983199.999921 20.665012
1766983200.099877 20.635946
1766983200.199950 20.591428
1766983200.299783 20.557300
1766983200.399892 20.590440
1766983200.499990 20.679661
1766983200.599817 20.754650
1766983200.699919 20.874437
1766983200.799875 20.980444
1766983200.899969 21.081154
1766983200.999810 21.112584
1766983201.099894 21.169738
1766983201.199998 21.191649
1766983201.299834 21.202392
1766983201.399928 21.174713
1766983201.499894 21.168285
1766983201.599990 21.173155
1766983201.699825 21.215503
1766983201.799922 21.282536
1766983201.899884 21.394610
1766983201.999967 21.521339
1766983202.099798 21.655097
1766983202.199883 21.731882
1766983202.299976 21.832334
1766983202.399807 21.905068
1766983202.499905 21.928086
1766983202.599883 21.964495
1766983202.699956 21.995705
1766983202.799814 22.041640
1766983202.899911 22.104434
1766983202.999876 22.214875
1766983203.099968 22.269282
1766983203.199811 22.363156
1766983203.299904 22.356152
1766983203.399987 22.344701
1766983203.499840 22.340024
1766983203.599927 22.381977
1766983203.699883 22.407733
1766983203.799991 22.457648
1766983203.899832 22.524687
1766983203.999924 22.565990
1766983204.099887 22.572189
1766983204.199983 22.571353
1766983204.299830 22.589188
1766983204.399913 22.591715
1766983204.499980 22.602177
1766983204.599827 22.602188
1766983204.699926 22.589343
1766983204.799890 22.564222
1766983204.899980 22.486007
1766983204.999811 22.420879
1766983205.099904 22.319496
1766983205.199982 22.243286
1766983205.299833 22.158019
1766983205.399917 22.126951
1766983205.499878 22.087451
1766983205.599971 22.092776
1766983205.699808 22.028199
1766983205.799892 21.928639
1766983205.899985 21.866550
1766983205.999828 21.782901
1766983206.099909 21.685641
1766983206.199877 21.637470
1766983206.299972 21.624956
1766983206.399809 21.535652
1766983206.499920 21.455429
1766983206.599895 21.371644
1766983206.699973 21.310380
1766983206.799808 21.287105
1766983206.899905 21.320069
1766983206.999991 21.354997
1766983207.099843 21.376085
1766983207.199930 21.364199
1766983207.299896 21.342347
1766983207.399988 21.291715
1766983207.499828 21.264555
1766983207.599917 21.282193
1766983207.699999 21.311705
1766983207.799834 21.329146
1766983207.899916 21.347908
1766983207.999897 21.333818
1766983208.099990 21.317317
1766983208.199835 21.311254
1766983208.299922 21.307405
1766983208.399896 21.313746
1766983208.499999 21.371333
1766983208.599850 21.383138
1766983208.699946 21.402978
1766983208.799780 21.425557
1766983208.899884 21.471665
1766983208.999966 21.480680
1766983209.099806 21.502219
1766983209.199896 21.505686
1766983209.299984 21.517295
1766983209.399822 21.457184
1766983209.499922 21.412293
1766983209.599894 21.411980
1766983209.699975 21.415060
1766983209.799802 21.376629
1766983209.899890 21.369387
1766983209.999986 21.328138
1766983210.099817 21.293212
1766983210.199918 21.269521
1766983210.299999 21.251065
1766983210.399847 21.235028
1766983210.499924 21.218867
1766983210.599891 21.161392
1766983210.699963 21.123906
1766983210.799794 21.154173
1766983210.899885 21.165812
1766983210.999976 21.214586
1766983211.099814 21.300720
1766983211.199912 21.351686
1766983211.299992 21.369316
1766983211.399839 21.350703
1766983211.499929 21.277252
1766983211.599893 21.228556
1766983211.699994 21.236950
1766983211.799836 21.238067
1766983211.899927 21.291605
1766983211.999883 21.345534
1766983212.099969 21.371927
1766983212.199806 21.365772
1766983212.299900 21.383591
1766983212.399982 21.398202
1766983212.499816 21.456318
1766983212.599926 21.440826
1766983212.699896 21.446146
1766983212.799996 21.411729
1766983212.899834 21.392392
1766983212.999923 21.398398
1766983213.099886 21.435590
1766983213.199989 21.401842
1766983213.299831 21.358693
1766983213.399919 21.337063
1766983213.499882 21.326838
1766983213.599975 21.361865
1766983213.699810 21.352814
1766983213.799897 21.367888
1766983213.899981 21.390039
1766983213.999809 21.406981
1766983214.099893 21.367498
1766983214.199970 21.431781
1766983214.299830 21.474252
1766983214.399914 21.430245
1766983214.499895 21.289769
1766983214.599971 21.211671
1766983214.699819 21.131960
1766983214.799904 21.140281
1766983214.899976 21.223436
1766983214.999829 21.377823
1766983215.099915 21.461926
1766983215.199881 21.533084
1766983215.299961 21.527883
1766983215.399793 21.522718
1766983215.499878 21.495377
1766983215.599970 21.480761
1766983215.699791 21.431812
1766983215.799875 21.428867
1766983215.899956 21.410330
1766983215.999787 21.412289
1766983216.099994 21.469956
1766983216.199823 21.554289
1766983216.299908 21.559067
1766983216.399991 21.513570
1766983216.499834 21.488492
1766983216.599927 21.414682
1766983216.699896 21.354549
1766983216.799989 21.354217
1766983216.899823 21.425928
1766983216.999914 21.411519
1766983217.099884 21.444653
1766983217.199978 21.455349
1766983217.299823 21.456583
1766983217.399913 21.501283
1766983217.499875 21.571674
1766983217.599963 21.590480
1766983217.699793 21.634126
1766983217.799883 21.671677
1766983217.899976 21.631613
1766983217.999812 21.607435
1766983218.099913 21.635614
1766983218.199995 21.706622
1766983218.299843 21.798906
1766983218.399934 21.916714
1766983218.499782 21.985558
1766983218.599885 22.083412
1766983218.699963 22.134329
1766983218.799821 22.120807
1766983218.899906 22.059988
1766983218.999876 22.070749
1766983219.099968 22.064260
1766983219.199813 22.043092
1766983219.299914 22.114481
1766983219.399996 22.229266
1766983219.499835 22.294473
1766983219.599926 22.261585
1766983219.699899 22.257515
1766983219.799972 22.159419
1766983219.899820 22.070685
1766983219.999911 22.040249
1766983220.099999 22.088886
1766983220.199847 22.104655
1766983220.299942 22.156148
1766983220.399779 22.197338
1766983220.499977 22.239608
1766983220.599840 22.292554
1766983220.699933 22.352874
1766983220.799787 22.437210
1766983220.899878 22.479134
1766983220.999970 22.510598
1766983221.099810 22.533329
1766983221.199913 22.590318
1766983221.299880 22.600098
1766983221.399962 22.690382
1766983221.499794 22.734205
1766983221.599894 22.755801
1766983221.699987 22.746637
1766983221.799827 22.722515
1766983221.899917 22.671599
1766983221.999877 22.639962
1766983222.099965 22.650578
1766983222.199789 22.647144
1766983222.299995 22.697024
1766983222.399841 22.719443
1766983222.499945 22.731803
1766983222.599789 22.682602
1766983222.699885 22.639001
1766983222.799966 22.578135
1766983222.899812 22.497629
1766983222.999912 22.412259
1766983223.099991 22.396811
1766983223.199835 22.375027
1766983223.299929 22.354753
1766983223.399893 22.247269
1766983223.499982 22.206377
1766983223.599831 22.096565
1766983223.699927 22.040489
1766983223.799884 21.966433
1766983223.899979 22.060452
1766983223.999827 22.120454
1766983224.099927 22.203313
1766983224.199783 22.285008
1766983224.299997 22.453092
1766983224.399854 22.423222
1766983224.499956 22.349529
1766983224.599795 22.227866
1766983224.699877 22.142226
1766983224.799961 22.029954
1766983224.899796 22.024608
1766983224.999900 22.028619
1766983225.099984 22.018804
1766983225.199833 21.874015
1766983225.299921 21.750028
1766983225.399775 21.690706
1766983225.499982 21.608452
1766983225.599830 21.581693
1766983225.699932 21.590164
1766983225.799895 21.475661
1766983225.899985 21.291266
1766983225.999829 21.177763
1766983226.099924 21.095055
1766983226.199890 21.084753
1766983226.299988 21.176247
1766983226.399833 21.258204
1766983226.499928 21.235073
1766983226.599777 21.216265
1766983226.699879 21.185555
1766983226.799979 21.071266
1766983226.899835 21.017375
1766983226.999934 21.149401
1766983227.099898 21.272353
1766983227.199990 21.369963
1766983227.299837 21.566576
1766983227.399923 21.696276
1766983227.499879 21.696591
1766983227.599965 21.416293
1766983227.699808 21.017175
1766983227.799905 20.410379
1766983227.899986 19.911781
1766983227.999831 19.544662
1766983228.099911 19.497985
1766983228.199990 19.502803
1766983228.299826 19.926858
1766983228.399906 20.390701
1766983228.499991 20.774429
1766983228.599821 21.211423
1766983228.699921 21.798900
1766983228.799893 22.083358
1766983228.899967 22.207619
1766983228.999801 22.183215
1766983229.099897 22.001439
1766983229.199978 21.901293
1766983229.299818 21.870940
1766983229.399908 21.944468
1766983229.499877 22.107237
1766983229.599960 22.191188
1766983229.699814 22.099494
1766983229.799897 22.059235
1766983229.899990 21.982349
1766983229.999826 22.039000
1766983230.099915 22.142886
1766983230.199893 22.284616
1766983230.299987 22.297043
1766983230.399831 22.378553
1766983230.499895 22.256013
1766983230.599978 22.131889
1766983230.699823 22.123728
1766983230.799917 22.234822
1766983230.899880 22.307285
1766983230.999958 22.503283
1766983231.099795 22.760082
1766983231.199885 22.851899
1766983231.299983 22.856664
1766983231.399847 22.927109
1766983231.499949 22.976535
1766983231.599792 23.111620
1766983231.699887 23.259519
1766983231.799970 23.487533
1766983231.899805 23.500285
1766983231.999898 23.588160
1766983232.099997 23.577841
1766983232.199853 23.674592
1766983232.299944 23.920813
1766983232.399778 24.355031
1766983232.499993 24.454204
1766983232.599838 24.419499
1766983232.699934 24.036355
1766983232.799897 23.316253
1766983232.899989 22.443323
1766983232.999837 21.792853
1766983233.099912 21.400422
1766983233.199993 21.322319
1766983233.299828 21.388518
1766983233.399913 21.526012
1766983233.500000 21.673965
1766983233.599831 21.695335
1766983233.699927 21.600577
1766983233.799777 21.443797
1766983233.899877 21.290873
1766983233.999948 21.159256
1766983234.099785 21.017674
1766983234.199997 20.928817
1766983234.299834 20.824987
1766983234.399933 20.698927
1766983234.499891 20.595891
1766983234.599979 20.450805
1766983234.699812 20.274333
1766983234.799903 20.185992
1766983234.899987 20.134159
1766983234.999820 20.006057
1766983235.099902 19.935507
1766983235.199997 19.860853
1766983235.299838 19.726195
1766983235.399928 19.602298
1766983235.499888 19.500710
1766983235.599970 19.366412
1766983235.699806 19.246860
1766983235.799892 19.155007
1766983235.899987 19.046795
1766983235.999833 18.974055
1766983236.099923 18.937010
1766983236.199880 18.875532
1766983236.299972 18.803410
1766983236.399796 18.730864
1766983236.499905 18.640994
1766983236.599981 18.566665
1766983236.699817 18.560583
1766983236.799893 18.556042
1766983236.899980 18.517945
1766983236.999813 18.520843
1766983237.099906 18.526026
1766983237.199879 18.479478
1766983237.299982 18.492783
1766983237.399818 18.539900
1766983237.499920 18.565615
1766983237.599894 18.579494
1766983237.699980 18.635559
1766983237.799809 18.636931
1766983237.899887 18.645953
1766983237.999984 18.708648
1766983238.099826 18.773662
1766983238.199926 18.778912
1766983238.299893 18.852209
1766983238.399983 18.945323
1766983238.499824 18.976433
1766983238.599923 18.956800
1766983238.699887 19.005848
1766983238.799976 19.029312
1766983238.899815 19.032678
1766983238.999900 19.110452
1766983239.100001 19.197273
1766983239.199844 19.243887
1766983239.299933 19.318750
1766983239.399778 19.400761
1766983239.499995 19.395432
1766983239.599831 19.377352
1766983239.699923 19.377328
1766983239.799877 19.340049
1766983239.899966 19.354808
1766983239.999808 19.405372
1766983240.099900 19.445396
1766983240.199991 19.474348
1766983240.299841 19.480550
1766983240.399922 19.381505
1766983240.499886 19.231044
1766983240.599987 19.183139
1766983240.699819 19.176439
1766983240.799913 19.202560
1766983240.899875 19.270711
1766983240.999966 19.340622
1766983241.099816 19.387069
1766983241.199914 19.393823
1766983241.299886 19.359620
1766983241.399972 19.359676
1766983241.499819 19.418738
1766983241.599896 19.478629
1766983241.699989 19.554334
1766983241.799833 19.630174
1766983241.899928 19.698111
1766983241.999782 19.724736
1766983242.099990 19.719971
1766983242.199832 19.717833
1766983242.299937 19.738442
1766983242.399888 19.726378
1766983242.499980 19.736072
1766983242.599835 19.742406
1766983242.699930 19.743535
1766983242.799893 19.752312
1766983242.899989 19.721466
1766983242.999814 19.704315
1766983243.099912 19.700110
1766983243.199995 19.687399
1766983243.299834 19.661152
1766983243.399920 19.668955
1766983243.499884 19.647593
1766983243.599970 19.635545
1766983243.699810 19.626567
1766983243.799903 19.624394
1766983243.899985 19.620393
1766983243.999832 19.637895
1766983244.099928 19.676483
1766983244.199787 19.704988
1766983244.299886 19.736015
1766983244.399960 19.775011
1766983244.499796 19.775945
1766983244.599883 19.783641
1766983244.699960 19.773095
1766983244.799804 19.769513
1766983244.899899 19.769697
1766983244.999998 19.812626
1766983245.099833 19.835321
1766983245.199928 19.865340
1766983245.299878 19.871284
1766983245.399971 19.840523
1766983245.499825 19.814931
1766983245.599918 19.784424
1766983245.699897 19.754995
1766983245.799972 19.724193
1766983245.899804 19.761588
1766983245.999899 19.766504
1766983246.099989 19.745562
1766983246.199829 19.760567
1766983246.299932 19.761465
1766983246.399899 19.716557
1766983246.499992 19.714406
1766983246.599834 19.752782
1766983246.699943 19.718787
1766983246.799798 19.701693
1766983246.899879 19.750265
1766983246.999974 19.790915
1766983247.099813 19.798875
1766983247.199907 19.842080
1766983247.299877 19.864821
1766983247.399969 19.836625
1766983247.499814 19.839996
1766983247.599891 19.856249
1766983247.699985 19.914165
1766983247.799830 19.925027
1766983247.899932 19.948759
1766983247.999778 19.926637
1766983248.099876 19.886493
1766983248.199961 19.831576
1766983248.299811 19.821021
1766983248.399899 19.784504
1766983248.499989 19.765719
1766983248.599828 19.787051
1766983248.699925 19.759163
1766983248.799896 19.807669
1766983248.899984 19.821118
1766983248.999824 19.780978
1766983249.099901 19.738217
1766983249.199875 19.677961
1766983249.299958 19.625507
1766983249.399798 19.558870
1766983249.499892 19.523433
1766983249.599982 19.456319
1766983249.699824 19.452182
1766983249.799914 19.452452
1766983249.899998 19.492312
1766983249.999840 19.481638
1766983250.099938 19.537935
1766983250.199898 19.582739
1766983250.299992 19.529771
1766983250.399837 19.543172
1766983250.499931 19.549055
1766983250.599775 19.538719
1766983250.699983 19.491889
1766983250.799815 19.470120
1766983250.899905 19.422394
1766983250.999878 19.446906
1766983251.099975 19.426374
1766983251.199806 19.530049
1766983251.299999 19.611573
1766983251.399854 19.616756
1766983251.499950 19.623379
1766983251.599796 19.601561
1766983251.699882 19.479102
1766983251.799971 19.408620
1766983251.899814 19.408100
1766983251.999897 19.415105
1766983252.099989 19.462628
1766983252.199829 19.506798
1766983252.299909 19.533630
1766983252.399880 19.529059
1766983252.499976 19.494431
1766983252.599810 19.439056
1766983252.699902 19.398327
1766983252.799996 19.315269
1766983252.899829 19.275794
1766983252.999912 19.258423
1766983253.099880 19.236104
1766983253.199964 19.226951
1766983253.299815 19.262248
1766983253.399904 19.279841
1766983253.499989 19.259086
1766983253.599829 19.256222
1766983253.699917 19.252006
1766983253.799893 19.224761
1766983253.899989 19.205163
1766983253.999835 19.218785
1766983254.099936 19.240610
1766983254.199775 19.264249
1766983254.299993 19.284374
1766983254.399835 19.288503
1766983254.499937 19.299993
1766983254.599783 19.330870
1766983254.699994 19.331413
1766983254.799840 19.293637
1766983254.899923 19.264260
1766983254.999892 19.257455
1766983255.099973 19.237614
1766983255.199816 19.253476
1766983255.299904 19.322781
1766983255.399995 19.359041
1766983255.499830 19.391970
1766983255.599913 19.409440
1766983255.700000 19.390048
1766983255.799820 19.380045
1766983255.899908 19.397785
1766983255.999988 19.368825
1766983256.099823 19.347751
1766983256.199921 19.360669
1766983256.299891 19.346372
1766983256.399988 19.370771
1766983256.499832 19.392106
1766983256.599923 19.406834
1766983256.699887 19.423877
1766983256.799980 19.430373
1766983256.899795 19.356188
1766983256.999876 19.301002
1766983257.099965 19.253585
1766983257.199806 19.189614
1766983257.299907 19.151037
1766983257.399984 19.130612
1766983257.499839 19.093139
1766983257.599924 19.067666
1766983257.699887 19.033061
1766983257.799958 19.011207
1766983257.899804 19.008065
1766983257.999889 18.991988
1766983258.099972 18.990035
1766983258.199811 18.997370
1766983258.299900 18.982350
1766983258.399996 18.942186
1766983258.499839 18.907348
1766983258.599934 18.871375
1766983258.699778 18.846986
1766983258.799875 18.821998
1766983258.899968 18.838262
1766983258.999827 18.864326
1766983259.099918 18.865828
1766983259.199877 18.858339
1766983259.299964 18.875234
1766983259.399809 18.911188
1766983259.499899 18.918987
1766983259.599986 18.887117
1766983259.699815 18.885330
1766983259.799919 18.863709
1766983259.899888 18.825322
1766983259.999978 18.808821
1766983260.099813 18.834482
1766983260.199900 18.818890
1766983260.299985 18.758736
1766983260.399839 18.655921
1766983260.499917 18.576292
1766983260.599887 18.499469
1766983260.699967 18.427963
1766983260.799798 18.398917
1766983260.899888 18.414012
1766983260.999966 18.360323
1766983261.099796 18.258848
1766983261.199894 18.182478
1766983261.299998 18.090417
1766983261.399834 18.000710
1766983261.499926 17.958246
1766983261.599894 17.919169
1766983261.699983 17.883851
1766983261.799815 17.885266
1766983261.899899 17.866062
1766983261.999984 17.855614
1766983262.099815 17.933837
1766983262.199896 17.964024
1766983262.299998 17.998603
1766983262.399839 18.023349
1766983262.499913 18.067828
1766983262.599878 18.014355
1766983262.699965 17.987349
1766983262.799796 17.986055
1766983262.899885 17.987187
1766983262.999997 17.984444
1766983263.099838 18.002561
1766983263.199938 18.033063
1766983263.299780 18.060358
1766983263.399880 18.098992
1766983263.499962 18.105413
1766983263.599805 18.147574
1766983263.699897 18.145331
1766983263.799993 18.112998
1766983263.899826 18.093934
1766983263.999917 18.152794
1766983264.099887 18.130561
1766983264.199985 18.086184
1766983264.299823 18.024912
1766983264.399912 18.006339
1766983264.499889 17.955070
1766983264.599982 17.922744
1766983264.699812 17.969903
1766983264.799903 18.017036
1766983264.899980 18.017588
1766983264.999823 18.060965
1766983265.099911 18.149740
1766983265.199877 18.178695
1766983265.299972 18.149784
1766983265.399817 18.102262
1766983265.499917 18.048938
1766983265.599888 17.995216
1766983265.699970 18.004762
1766983265.799795 18.078797
1766983265.899993 18.128102
1766983265.999841 18.199085
1766983266.099934 18.256258
1766983266.199892 18.265389
1766983266.299995 18.226179
1766983266.399847 18.216813
1766983266.499940 18.157306
1766983266.599890 18.177622
1766983266.699972 18.221771
1766983266.799810 18.352241
1766983266.899904 18.463348
1766983266.999875 18.539641
1766983267.099966 18.534326
1766983267.199807 18.514723
1766983267.299891 18.455185
1766983267.399981 18.419913
1766983267.499823 18.421460
1766983267.599911 18.544099
1766983267.699889 18.706845
1766983267.799977 18.887655
1766983267.899822 19.085676
1766983267.999901 19.271846
1766983268.099994 19.357721
1766983268.199843 19.431133
1766983268.299927 19.471440
1766983268.399887 19.511285
1766983268.499981 19.547375
1766983268.599804 19.649452
1766983268.699895 19.739063
1766983268.799992 19.811950
1766983268.899843 19.845115
1766983268.999939 19.872995
1766983269.099794 19.896192
1766983269.199886 20.006729
1766983269.299971 20.199527
1766983269.399820 20.390301
1766983269.499911 20.615716
1766983269.599877 20.787552
1766983269.699964 20.803095
1766983269.799802 20.789634
1766983269.899879 20.861633
1766983269.999992 20.927677
1766983270.099835 21.054968
1766983270.199933 21.207331
1766983270.299783 21.327634
1766983270.399879 21.389569
1766983270.499967 21.464358
1766983270.599812 21.465997
1766983270.699898 21.554836
1766983270.799994 21.675607
1766983270.899841 21.828023
1766983270.999929 21.922255
1766983271.099895 22.048651
1766983271.199990 22.074470
1766983271.299834 22.070221
1766983271.399919 22.018446
1766983271.499882 21.992068
1766983271.599968 21.981366
1766983271.699802 22.005450
1766983271.799891 22.067539
1766983271.899973 22.133565
1766983271.999819 22.181384
1766983272.099914 22.198273
1766983272.199890 22.253082
1766983272.299980 22.287003
1766983272.399823 22.327708
1766983272.499907 22.353717
1766983272.599991 22.362553
1766983272.699820 22.368988
1766983272.799908 22.356248
1766983272.899893 22.371213
1766983272.999962 22.406204
1766983273.099804 22.408367
1766983273.199889 22.373881
1766983273.299961 22.340595
1766983273.399793 22.279624
1766983273.499876 22.259144
1766983273.599961 22.286366
1766983273.699792 22.285278
1766983273.799886 22.262700
1766983273.899972 22.258628
1766983273.999810 22.229245
1766983274.099905 22.191897
1766983274.199883 22.180550
1766983274.299972 22.182479
1766983274.399813 22.179105
1766983274.499896 22.170542
1766983274.599995 22.126821
1766983274.699823 22.114681
1766983274.799912 22.133309
1766983274.899890 22.141803
1766983274.999961 22.185951
1766983275.099796 22.250998
1766983275.199896 22.288865
1766983275.299989 22.281785
1766983275.399831 22.237481
1766983275.499925 22.179299
1766983275.599884 22.132855
1766983275.699980 22.083794
1766983275.799813 22.057335
1766983275.899902 22.065798
1766983275.999875 22.010581
1766983276.099967 21.947429
1766983276.199795 21.890654
1766983276.299883 21.859537
1766983276.399980 21.803282
1766983276.499830 21.792601
1766983276.599915 21.779305
1766983276.699995 21.756224
1766983276.799823 21.698896
1766983276.899934 21.693156
1766983276.999894 21.646240
1766983277.099979 21.594634
1766983277.199812 21.576756
1766983277.299891 21.592309
1766983277.399984 21.555566
1766983277.499814 21.510071
1766983277.599892 21.508548
1766983277.699985 21.457383
1766983277.799839 21.389475
1766983277.899931 21.375917
1766983277.999884 21.384658
1766983278.099978 21.394524
1766983278.199822 21.419121
1766983278.299919 21.446693
1766983278.399899 21.436685
1766983278.499877 21.419274
1766983278.599959 21.370567
1766983278.699805 21.319064
1766983278.799896 21.278652
1766983278.899982 21.293005
1766983278.999822 21.290127
1766983279.099911 21.301293
1766983279.199876 21.369628
1766983279.299960 21.431099
1766983279.399811 21.413476
1766983279.499902 21.384158
1766983279.599998 21.334702
1766983279.699842 21.259967
1766983279.799952 21.211733
1766983279.899782 21.188951
1766983279.999997 21.191316
1766983280.099833 21.204025
1766983280.199920 21.254424
1766983280.299998 21.244338
1766983280.399831 21.248357
1766983280.499918 21.260624
1766983280.599890 21.297736
1766983280.699986 21.303621
1766983280.799836 21.415256
1766983280.899927 21.521412
1766983280.999887 21.585099
1766983281.099971 21.644107
1766983281.199814 21.674342
1766983281.299910 21.620436
1766983281.399890 21.544273
1766983281.499974 21.537937
1766983281.599811 21.512726
1766983281.699895 21.531490
1766983281.799984 21.582932
1766983281.899813 21.677219
1766983281.999901 21.681323
1766983282.099880 21.684164
1766983282.199983 21.666537
1766983282.299810 21.605491
1766983282.399900 21.507463
1766983282.499992 21.466007
1766983282.599849 21.455230
1766983282.699932 21.430542
1766983282.799888 21.469630
1766983282.899971 21.501367
1766983282.999814 21.507276
1766983283.099910 21.460622
1766983283.199893 21.474525
1766983283.299991 21.487946
1766983283.399833 21.522745
1766983283.499913 21.614134
1766983283.599888 21.716559
1766983283.699983 21.783501
1766983283.799813 21.805636
1766983283.899909 21.823309
1766983283.999998 21.842661
1766983284.099815 21.889100
1766983284.199909 21.965548
1766983284.299990 22.043444
1766983284.399814 22.161063
1766983284.499920 22.284724
1766983284.599883 22.417032
1766983284.699982 22.504439
1766983284.799823 22.594628
1766983284.899908 22.636365
1766983284.999881 22.701917
1766983285.099953 22.779032
1766983285.199795 22.854848
1766983285.299894 22.860472
1766983285.399974 22.899251
1766983285.499807 22.973788
1766983285.599901 22.994786
1766983285.699990 23.042140
1766983285.799820 23.105073
1766983285.899908 23.135395
1766983285.999879 23.051462
1766983286.099968 23.012112
1766983286.199801 22.969261
1766983286.299891 22.972679
1766983286.399977 22.988317
1766983286.499813 23.021538
1766983286.599894 23.037041
1766983286.699986 22.975170
1766983286.799830 22.886556
1766983286.899931 22.760607
1766983286.999892 22.667939
1766983287.099976 22.574756
1766983287.199820 22.487113
1766983287.299917 22.435289
1766983287.399878 22.395300
1766983287.499970 22.346613
1766983287.599817 22.272526
1766983287.699899 22.201686
1766983287.799976 22.127309
1766983287.899820 22.015394
1766983287.999900 21.889731
1766983288.099985 21.779651
1766983288.199830 21.709584
1766983288.299915 21.691019
1766983288.399876 21.721018
1766983288.499973 21.755742
1766983288.599821 21.718422
1766983288.699911 21.690239
1766983288.799989 21.660734
1766983288.899826 21.675151
1766983288.999901 21.682094
1766983289.099990 21.736124
1766983289.199830 21.766931
1766983289.299916 21.780576
1766983289.399892 21.739619
1766983289.499982 21.677086
1766983289.599820 21.697288
1766983289.699908 21.767115
1766983289.799876 21.829775
1766983289.899958 21.869005
1766983289.999790 21.915743
1766983290.099885 21.885140
1766983290.199985 21.811093
1766983290.299822 21.726380
1766983290.399932 21.634547
1766983290.499778 21.581182
1766983290.599994 21.547389
1766983290.699836 21.521175
1766983290.799924 21.466124
1766983290.899894 21.475957
1766983290.999984 21.457998
1766983291.099829 21.407258
1766983291.199912 21.328084
1766983291.299998 21.297071
1766983291.399842 21.258333
1766983291.499922 21.219818
1766983291.599998 21.188982
1766983291.699835 21.169314
1766983291.799916 21.106841
1766983291.899885 21.031122
1766983291.999978 20.954092
1766983292.099809 20.883881
1766983292.199902 20.822626
1766983292.299997 20.788774
1766983292.399835 20.754158
1766983292.499931 20.726950
1766983292.599891 20.696821
1766983292.699979 20.680573
1766983292.799803 20.532545
1766983292.899891 20.460146
1766983292.999980 20.447750
1766983293.099822 20.454282
1766983293.199912 20.484654
1766983293.299998 20.573931
1766983293.399838 20.566668
1766983293.499933 20.437231
1766983293.599783 20.360223
1766983293.699993 20.332354
1766983293.799834 20.204466
1766983293.899929 19.507804
1766983293.999889 19.010460
1766983294.099973 18.724906
1766983294.199800 18.620730
1766983294.299881 18.844550
1766983294.399974 19.732880
1766983294.499814 20.489384
1766983294.599906 20.949075
1766983294.699998 21.084544
1766983294.799835 20.998209
1766983294.899916 20.831431
1766983294.999881 20.677038
1766983295.099973 20.526440
1766983295.199816 20.434899
1766983295.299912 20.412203
1766983295.399993 20.398082
1766983295.499842 20.338895
1766983295.599952 20.341892
1766983295.699788 20.324816
1766983295.799885 20.262169
1766983295.899974 20.265428
1766983295.999815 20.317944
1766983296.099912 20.318805
1766983296.199887 20.307328
1766983296.299965 20.247071
1766983296.399807 20.146060
1766983296.499907 20.116224
1766983296.599993 20.098235
1766983296.699826 20.192876
1766983296.799920 20.354144
1766983296.899891 20.448916
1766983296.999990 20.416156
1766983297.099829 20.342745
1766983297.199929 20.249860
1766983297.299777 20.199933
1766983297.399987 20.148087
1766983297.499815 20.121699
1766983297.599898 20.154900
1766983297.699981 20.181310
1766983297.799821 20.186331
1766983297.899915 20.257862
1766983297.999997 20.323715
1766983298.099834 20.356985
1766983298.199929 20.350529
1766983298.299896 20.347445
1766983298.399973 20.326320
1766983298.499819 20.363879
1766983298.599907 20.438731
1766983298.699988 20.553223
1766983298.799832 20.587205
1766983298.899928 20.570106
1766983298.999879 20.502191
1766983299.099957 20.477658
1766983299.199795 20.493366
1766983299.299996 20.522593
1766983299.399842 20.588761
1766983299.499940 20.640878
1766983299.599783 20.565332
1766983299.699882 20.451510
1766983299.799962 20.382372
1766983299.899812 20.330021
1766983299.999896 20.322323
1766983300.099984 20.406438
1766983300.199838 20.437844
1766983300.299938 20.474409
1766983300.399778 20.490786
1766983300.499980 20.497545
1766983300.599823 20.505252
1766983300.699912 20.563597
1766983300.799986 20.607263
1766983300.899820 20.605839
1766983300.999910 20.551782
1766983301.099877 20.509732
1766983301.199969 20.420156
1766983301.299810 20.387313
1766983301.399892 20.428702
1766983301.499978 20.491058
1766983301.599820 20.559746
1766983301.699900 20.524060
1766983301.799988 20.419361
1766983301.899822 20.308240
1766983301.999903 20.143723
1766983302.099875 19.962151
1766983302.199966 19.907130
1766983302.299827 19.872066
1766983302.399901 19.758102
1766983302.499975 19.697934
1766983302.599812 19.662548
1766983302.699907 19.680856
1766983302.799997 19.721003
1766983302.899849 19.810642
1766983302.999934 19.865925
1766983303.099782 19.903265
1766983303.199876 19.863489
1766983303.299978 19.797175
1766983303.399817 19.813297
1766983303.499910 19.821633
1766983303.599998 19.789656
1766983303.699836 19.774503
1766983303.799928 19.783661
1766983303.899888 19.755568
1766983303.999984 19.780433
1766983304.099833 19.853692
1766983304.199937 19.841316
1766983304.299897 19.796676
1766983304.399974 19.697272
1766983304.499818 19.648804
1766983304.599902 19.542301
1766983304.699981 19.540903
1766983304.799822 19.591763
1766983304.899909 19.675509
1766983304.999996 19.675461
1766983305.099834 19.659147
1766983305.199900 19.612852
1766983305.299969 19.508092
1766983305.399792 19.471939
1766983305.499877 19.458574
1766983305.599960 19.503654
1766983305.699785 19.492006
1766983305.799998 19.523581
1766983305.899834 19.494181
1766983305.999922 19.469275
1766983306.099887 19.452040
1766983306.199972 19.472108
1766983306.299809 19.459399
1766983306.399902 19.506024
1766983306.499877 19.586222
1766983306.599972 19.626020
1766983306.699817 19.650662
1766983306.799913 19.635734
1766983306.899878 19.566907
1766983306.999974 19.500424
1766983307.099811 19.480916
1766983307.199911 19.452451
1766983307.299875 19.453394
1766983307.399961 19.460199
1766983307.499812 19.428245
1766983307.599893 19.361974
1766983307.699995 19.320310
1766983307.799831 19.308383
1766983307.899921 19.299058
1766983307.999885 19.325838
1766983308.099979 19.345629
1766983308.199809 19.336773
1766983308.299894 19.339110
1766983308.399976 19.301100
1766983308.499808 19.255450
1766983308.599895 19.200986
1766983308.699989 19.179557
1766983308.799831 19.136097
1766983308.899910 19.098302
1766983308.999987 19.052176
1766983309.099829 19.033539
1766983309.199912 19.008778
1766983309.299882 19.006477
1766983309.399961 19.021946
1766983309.499797 19.001008
1766983309.599902 19.115187
1766983309.699996 19.231549
1766983309.799817 19.336601
1766983309.899911 19.417704
1766983309.999994 19.481272
1766983310.099832 19.254209
1766983310.199933 19.037622
1766983310.299890 18.884848
1766983310.399969 18.869071
1766983310.499831 18.929128
1766983310.599922 19.116538
1766983310.699890 19.221760
1766983310.799982 19.246316
1766983310.899822 19.145922
1766983310.999909 19.132447
1766983311.099996 19.044459
1766983311.199829 19.088366
1766983311.299911 19.141597
1766983311.399882 19.123296
1766983311.499958 18.906754
1766983311.599787 18.962771
1766983311.699995 19.025199
1766983311.799823 19.157499
1766983311.899909 19.407233
1766983311.999993 19.646864
1766983312.099827 19.774495
1766983312.199924 19.834307
1766983312.299889 19.604127
1766983312.399989 19.108588
1766983312.499818 18.623848
1766983312.599922 17.981890
1766983312.699894 17.255460
1766983312.799975 16.624521
1766983312.899812 16.280437
1766983312.999899 16.681313
1766983313.099988 18.531604
1766983313.199832 20.647488
1766983313.299939 22.515354
1766983313.399791 23.724625
1766983313.499888 23.781555
1766983313.599983 22.243040
1766983313.699813 20.582820
1766983313.799887 19.481826
1766983313.899986 19.096564
1766983313.999837 19.290127
1766983314.099923 19.704848
1766983314.199885 20.022341
1766983314.299976 20.107745
1766983314.399819 20.033248
1766983314.499904 19.875018
1766983314.599990 19.765043
1766983314.699838 19.749190
1766983314.799931 19.778604
1766983314.899893 19.841345
1766983314.999993 19.866361
1766983315.099824 19.858470
1766983315.199904 19.805500
1766983315.299978 19.756610
1766983315.399818 19.758917
1766983315.499919 19.824801
1766983315.599880 19.859775
1766983315.699963 19.844209
1766983315.799798 19.796119
1766983315.899898 19.825800
1766983315.999987 19.858742
1766983316.099829 19.921127
1766983316.199916 19.988351
1766983316.299878 20.015477
1766983316.399957 19.944329
1766983316.499791 19.889572
1766983316.599992 19.802345
1766983316.699835 19.695051
1766983316.799931 19.604714
1766983316.899776 19.483443
1766983316.999986 19.307091
1766983317.099825 19.125717
1766983317.199919 19.019253
1766983317.299880 19.007703
1766983317.399975 18.941011
1766983317.499817 18.896926
1766983317.599902 18.893880
1766983317.699991 18.842270
1766983317.799831 18.748980
1766983317.899921 18.681151
1766983317.999890 18.597337
1766983318.099987 18.478884
1766983318.199821 18.411128
1766983318.299911 18.340694
1766983318.399875 18.334575
1766983318.499965 18.374236
1766983318.599811 18.383345
1766983318.699903 18.363504
1766983318.799878 18.300174
1766983318.899959 18.196293
1766983318.999793 18.046051
1766983319.099884 17.968138
1766983319.199967 17.962091
1766983319.299806 17.992519
1766983319.399905 17.992756
1766983319.499991 17.997802
1766983319.599827 17.967634
1766983319.699925 17.877337
1766983319.799889 17.780554
1766983319.899994 17.752731
1766983319.999833 17.769782
1766983320.099912 17.789035
1766983320.199890 17.856199
1766983320.299969 17.971983
1766983320.399811 18.127385
1766983320.499909 18.213482
1766983320.599883 18.221396
1766983320.699981 18.181131
1766983320.799823 18.106440
1766983320.899906 17.972676
1766983320.999987 17.912535
1766983321.099831 17.901857
1766983321.199922 17.877568
1766983321.299891 17.830738
1766983321.399975 17.780278
1766983321.499805 17.655133
1766983321.599892 17.559664
1766983321.699970 17.468349
1766983321.799814 17.402048
1766983321.899908 17.381671
1766983321.999999 17.451109
1766983322.099834 17.558419
1766983322.199921 17.696691
1766983322.299893 17.831807
1766983322.399996 17.841993
1766983322.499840 17.839715
1766983322.599935 17.829297
1766983322.699783 17.866868
1766983322.799986 17.967688
1766983322.899831 18.146571
1766983322.999913 18.360291
1766983323.099880 18.589499
1766983323.199956 18.681574
1766983323.299796 18.634851
1766983323.399993 18.507761
1766983323.499840 18.348640
1766983323.599929 18.166051
1766983323.699898 18.149414
1766983323.799985 18.234563
1766983323.899835 18.436908
1766983323.999914 18.597984
1766983324.099878 18.692446
1766983324.199974 18.768674
1766983324.299816 18.853435
1766983324.399900 18.937166
1766983324.499882 19.037955
1766983324.599969 19.166193
1766983324.699808 19.190687
1766983324.799902 19.312257
1766983324.899989 19.454039
1766983324.999819 19.493820
1766983325.099896 19.425015
1766983325.199982 19.391188
1766983325.299815 19.260947
1766983325.399902 19.148192
1766983325.499990 19.090572
1766983325.599822 19.234073
1766983325.699910 19.374510
1766983325.799993 19.496966
1766983325.899831 19.524508
1766983325.999924 19.517698
1766983326.099896 19.502400
1766983326.199990 19.454627
1766983326.299835 19.493461
1766983326.399924 19.606509
1766983326.499887 19.754527
1766983326.599970 19.830300
1766983326.699812 19.880851
1766983326.799898 19.715959
1766983326.899998 19.507002
1766983326.999850 19.343845
1766983327.099947 19.232353
1766983327.199795 19.248999
1766983327.299993 19.467098
1766983327.399834 19.653181
1766983327.499930 19.702540
1766983327.599893 19.607882
1766983327.699984 19.325017
1766983327.799831 18.809846
1766983327.899923 18.187935
1766983327.999877 17.521511
1766983328.099977 16.814841
1766983328.199831 15.866208
1766983328.299941 14.850845
1766983328.399895 14.101682
1766983328.499978 13.850775
1766983328.599825 14.198385
1766983328.699926 15.186812
1766983328.799886 16.706289
1766983328.899981 18.285935
1766983328.999810 19.643295
1766983329.099905 20.741121
1766983329.199881 21.728077
1766983329.299964 22.578751
1766983329.399813 23.357342
1766983329.499897 23.840711
1766983329.599989 23.895389
1766983329.699824 23.587189
1766983329.799911 22.852833
1766983329.899882 21.886975
1766983329.999974 21.131386
1766983330.099811 20.703695
1766983330.199901 20.533138
1766983330.299991 20.709766
1766983330.399817 21.035627
1766983330.499917 21.356334
1766983330.599885 21.576558
1766983330.699963 21.699818
1766983330.799813 21.706299
1766983330.899884 21.670757
1766983330.999976 21.619961
1766983331.099835 21.604666
1766983331.199920 21.615546
1766983331.299888 21.618400
1766983331.399978 21.594484
1766983331.499820 21.611471
1766983331.599920 21.644785
1766983331.699895 21.689696
1766983331.799998 21.746199
1766983331.899844 21.817857
1766983331.999928 21.785619
1766983332.099897 21.729910
1766983332.199986 21.657847
1766983332.299821 21.603652
1766983332.399924 21.562722
1766983332.499895 21.553383
1766983332.599984 21.569707
1766983332.699830 21.620221
1766983332.799917 21.663294
1766983332.899780 21.650265
1766983332.999988 21.633422
1766983333.099833 21.578754
1766983333.199933 21.503315
1766983333.299883 21.436268
1766983333.399961 21.411591
1766983333.499803 21.445661
1766983333.599879 21.477210
1766983333.699957 21.528219
1766983333.799817 21.569800
1766983333.899911 21.641063
1766983333.999877 21.677206
1766983334.099966 21.679613
1766983334.199810 21.624012
1766983334.299898 21.599431
1766983334.399974 21.550372
1766983334.499819 21.479977
1766983334.599915 21.451309
1766983334.699990 21.476879
1766983334.799834 21.503265
1766983334.899935 21.541648
1766983334.999889 21.585067
1766983335.099980 21.615754
1766983335.199807 21.592501
1766983335.299904 21.538422
1766983335.399991 21.490662
1766983335.499846 21.484478
1766983335.599934 21.514160
1766983335.699787 21.585950
1766983335.799879 21.586646
1766983335.899962 21.585238
1766983335.999814 21.575082
1766983336.099901 21.525927
1766983336.199879 21.448322
1766983336.299979 21.452442
1766983336.399815 21.459393
1766983336.499893 21.395915
1766983336.599990 21.382967
1766983336.699830 21.362126
1766983336.799910 21.297322
1766983336.899996 21.302029
1766983336.999853 21.425770
1766983337.099946 21.509276
1766983337.199785 21.581596
1766983337.299885 21.612962
1766983337.399876 21.624264
1766983337.499958 21.606664
1766983337.599794 21.608706
1766983337.699890 21.681355
1766983337.799991 21.812544
1766983337.899832 21.882780
1766983337.999924 21.896777
1766983338.099992 21.868790
1766983338.199826 21.779646
1766983338.299916 21.761441
1766983338.399878 21.785864
1766983338.499974 21.819889
1766983338.599805 21.812952
1766983338.699898 21.850981
1766983338.799985 21.853424
1766983338.899834 21.790754
1766983338.999911 21.725739
1766983339.099876 21.741636
1766983339.199955 21.736956
1766983339.299801 21.741994
1766983339.399898 21.794574
1766983339.499992 21.821798
1766983339.599818 21.788965
1766983339.699898 21.783309
1766983339.799988 21.739223
1766983339.899823 21.654452
1766983339.999914 21.596438
1766983340.099895 21.623396
1766983340.199997 21.661208
1766983340.299825 21.670247
1766983340.399925 21.688431
1766983340.499895 21.737942
1766983340.599990 21.731428
1766983340.699831 21.646262
1766983340.799914 21.617981
1766983340.899992 21.625859
1766983340.999836 21.609920
1766983341.099918 21.627045
1766983341.199994 21.689184
1766983341.299837 21.722611
1766983341.399921 21.754200
1766983341.499883 21.820632
1766983341.599961 21.880208
1766983341.699790 21.922371
1766983341.799875 21.999672
1766983341.899952 22.122280
1766983341.999799 22.188561
1766983342.099902 22.239107
1766983342.199999 22.265452
1766983342.299844 22.264510
1766983342.399932 22.156855
1766983342.499777 22.057281
1766983342.599989 22.010300
1766983342.699836 22.039308
1766983342.799923 22.037211
1766983342.899889 22.038767
1766983342.999979 22.046938
1766983343.099824 22.035073
1766983343.199892 21.974017
1766983343.299974 21.942886
1766983343.399800 21.907969
1766983343.499884 21.868056
1766983343.599982 21.777406
1766983343.699829 21.728769
1766983343.799922 21.673304
1766983343.899897 21.662369
1766983343.999990 21.617054
1766983344.099830 21.568046
1766983344.199919 21.476516
1766983344.299889 21.418898
1766983344.399876 21.340351
1766983344.499956 21.281966
1766983344.599788 21.201256
1766983344.699875 21.173827
1766983344.799985 21.122259
1766983344.899817 21.056916
1766983344.999914 21.017553
1766983345.099881 20.985664
1766983345.199966 20.916429
1766983345.299804 20.872235
1766983345.399903 20.856697
1766983345.499983 20.859044
1766983345.599817 20.929041
1766983345.699910 20.980208
1766983345.799879 20.966308
1766983345.899978 21.008260
1766983345.999817 21.013625
1766983346.099921 21.000446
1766983346.199899 20.974574
1766983346.299987 20.910816
1766983346.399840 20.773412
1766983346.499949 20.703375
1766983346.599795 20.636973
1766983346.699992 20.648628
1766983346.799840 20.744310
1766983346.899935 20.825931
1766983346.999895 20.825043
1766983347.099998 20.777785
1766983347.199835 20.700757
1766983347.299928 20.629051
1766983347.399887 20.618891
1766983347.499979 20.612729
1766983347.599811 20.644898
1766983347.699897 20.679165
1766983347.799991 20.685851
1766983347.899824 20.618922
1766983347.999901 20.578444
1766983348.099991 20.632319
1766983348.199837 20.648749
1766983348.299938 20.610869
1766983348.399791 20.636196
1766983348.499886 20.606110
1766983348.599984 20.514492
1766983348.699830 20.480269
1766983348.799928 20.547197
1766983348.899779 20.596674
1766983348.999985 20.727202
1766983349.099822 20.801153
1766983349.199909 20.804044
1766983349.299989 20.796989
1766983349.399833 20.816716
1766983349.499915 20.908145
1766983349.599776 21.051400
1766983349.699978 21.209318
1766983349.799826 21.343171
1766983349.899922 21.435046
1766983349.999877 21.402674
1766983350.099979 21.351126
1766983350.199820 21.323159
1766983350.299921 21.325784
1766983350.399878 21.412930
1766983350.499976 21.488310
1766983350.599824 21.489586
1766983350.699920 21.521370
1766983350.799886 21.586526
1766983350.899975 21.578730
1766983350.999827 21.611849
1766983351.099923 21.692438
1766983351.199990 21.750447
1766983351.299832 21.799429
1766983351.399925 21.842354
1766983351.499889 21.859465
1766983351.599974 21.870543
1766983351.699813 21.572824
1766983351.799914 21.118776
1766983351.899878 20.842226
1766983351.999973 20.770934
1766983352.099817 20.834935
1766983352.199907 21.284499
1766983352.299986 21.936154
1766983352.399819 22.397824
1766983352.499914 22.560152
1766983352.599885 22.573416
1766983352.699969 22.449936
1766983352.799806 22.183000
1766983352.899893 21.999925
1766983352.999988 21.867271
1766983353.099835 21.813731
1766983353.199933 21.838770
1766983353.299776 21.922991
1766983353.399986 21.903465
1766983353.499845 21.935388
1766983353.599922 21.854053
1766983353.699887 21.693785
1766983353.799980 21.545784
1766983353.899811 21.487089
1766983353.999912 21.412435
1766983354.099885 21.453881
1766983354.199978 21.556037
1766983354.299828 21.649060
1766983354.399915 21.680374
1766983354.499998 21.706278
1766983354.599832 21.661511
1766983354.699949 21.580363
1766983354.799783 21.539935
1766983354.899887 21.526877
1766983354.999963 21.521131
1766983355.099807 21.557205
1766983355.199908 21.582318
1766983355.299877 21.475407
1766983355.399965 21.284548
1766983355.499816 21.156023
1766983355.599902 21.070244
1766983355.699991 21.011068
1766983355.799841 20.950680
1766983355.899938 20.907862
1766983355.999895 20.821837
1766983356.099991 20.674050
1766983356.199826 20.496470
1766983356.299910 20.428286
1766983356.399983 20.437029
1766983356.499822 20.410514
1766983356.599908 20.387295
1766983356.699983 20.409488
1766983356.799836 20.354597
1766983356.899928 20.241928
1766983356.999877 20.183874
1766983357.099965 20.131843
1766983357.199803 20.137651
1766983357.299892 20.229222
1766983357.399986 20.333405
1766983357.499832 20.371989
1766983357.599923 20.434383
1766983357.699785 20.397178
1766983357.799881 20.270751
1766983357.899968 20.160095
1766983357.999809 20.106164
1766983358.099896 20.080286
1766983358.199986 20.107164
1766983358.299806 20.158653
1766983358.399890 20.191668
1766983358.499986 20.174239
1766983358.599829 20.108260
1766983358.699921 20.006057
1766983358.799891 19.861215
1766983358.899978 19.771800
1766983358.999814 19.727194
1766983359.099902 19.606623
1766983359.199994 19.497594
1766983359.299835 19.451826
1766983359.399923 19.424800
1766983359.499876 19.408966
1766983359.599965 19.429560
1766983359.699801 19.502328
1766983359.799899 19.529189
1766983359.899983 19.477843
1766983359.999801 19.440492
1766983360.099900 19.410414
1766983360.199987 19.335127
1766983360.299830 19.336709
1766983360.399899 19.318859
1766983360.499984 19.261838
1766983360.599815 19.213465
1766983360.699907 19.198877
1766983360.799985 19.165147
1766983360.899840 19.195479
1766983360.999917 19.241477
1766983361.099887 19.237384
1766983361.199974 19.157129
1766983361.299815 19.012450
1766983361.399897 18.867831
1766983361.499987 18.763283
1766983361.599829 18.719591
1766983361.699919 18.718651
1766983361.799880 18.741169
1766983361.899976 18.675550
1766983361.999814 18.555651
1766983362.099896 18.408223
1766983362.199980 18.286147
1766983362.299801 18.257893
1766983362.399892 18.286338
1766983362.499988 18.319429
1766983362.599827 18.398512
1766983362.699907 18.441312
1766983362.799880 18.450133
1766983362.899969 18.459032
1766983362.999811 18.489691
1766983363.099909 18.465812
1766983363.199881 18.478830
1766983363.299984 18.460516
1766983363.399826 18.436746
1766983363.499924 18.362686
1766983363.599884 18.336778
1766983363.699970 18.310200
1766983363.799803 18.303598
1766983363.899890 18.373609
1766983363.999981 18.491790
1766983364.099822 18.538753
1766983364.199909 18.538914
1766983364.299993 18.515675
1766983364.399833 18.509990
1766983364.499923 18.543068
1766983364.599887 18.565749
1766983364.699972 18.580679
1766983364.799820 18.616288
1766983364.899913 18.517893
1766983364.999880 18.390144
1766983365.099974 18.364337
1766983365.199829 18.468450
1766983365.299917 18.467700
1766983365.399891 18.525706
1766983365.499977 18.624604
1766983365.599806 18.720388
1766983365.699891 18.624096
1766983365.799986 18.564061
1766983365.899828 18.625367
1766983365.999928 18.651820
1766983366.099780 18.606485
1766983366.199992 18.575703
1766983366.299823 18.639715
1766983366.399924 18.624060
1766983366.499893 18.659127
1766983366.599979 18.827800
1766983366.699828 19.058461
1766983366.799923 19.226305
1766983366.899884 19.387446
1766983366.999989 19.403201
1766983367.099816 19.308221
1766983367.199908 19.151438
1766983367.299997 18.985157
1766983367.399830 18.912089
1766983367.499914 18.850460
1766983367.599994 18.806931
1766983367.699829 18.769247
1766983367.799924 18.789158
1766983367.899886 18.722864
1766983367.999976 18.776715
1766983368.099831 18.901477
1766983368.199912 19.183157
1766983368.299878 19.385446
1766983368.399971 19.444477
1766983368.499799 19.487091
1766983368.599996 19.456445
1766983368.699832 19.361376
1766983368.799917 19.236691
1766983368.899879 19.200119
1766983368.999969 19.270716
1766983369.099818 19.390198
1766983369.199899 19.318260
1766983369.299980 19.381415
1766983369.399826 19.622476
1766983369.499915 19.641153
1766983369.599885 19.606744
1766983369.699970 19.745636
1766983369.799814 19.802088
1766983369.899906 19.795463
1766983369.999998 19.788151
1766983370.099833 19.847022
1766983370.199926 19.936231
1766983370.299777 20.033885
1766983370.399996 19.992194
1766983370.499843 20.008704
1766983370.599923 19.902143
1766983370.699878 19.797693
1766983370.799964 19.644282
1766983370.899807 19.580291
1766983370.999909 19.559461
1766983371.099986 19.613538
1766983371.199825 19.552449
1766983371.299910 19.583065
1766983371.399993 19.586261
1766983371.499844 19.491925
1766983371.599940 19.319750
1766983371.699782 19.244057
1766983371.799888 19.116786
1766983371.899977 18.982619
1766983371.999808 18.967546
1766983372.099892 19.046654
1766983372.199975 19.140873
1766983372.299806 19.215654
1766983372.399885 19.238255
1766983372.499983 19.156120
1766983372.599827 19.049874
1766983372.699933 18.949585
1766983372.799779 18.868419
1766983372.899989 18.808546
1766983372.999817 18.766650
1766983373.099892 18.735020
1766983373.199980 18.699023
1766983373.299815 18.758968
1766983373.399896 18.787221
1766983373.499993 18.882166
1766983373.599835 18.922926
1766983373.699915 18.944305
1766983373.799887 18.890549
1766983373.899977 18.882143
1766983373.999817 18.855131
1766983374.099920 18.851766
1766983374.199887 18.834127
1766983374.299985 18.838866
1766983374.399828 18.847866
1766983374.499914 18.830453
1766983374.599886 18.869689
1766983374.699969 18.912965
1766983374.799813 18.860520
1766983374.899907 18.776297
1766983374.999998 18.733851
1766983375.099833 18.670547
1766983375.199915 18.595838
1766983375.299996 18.655149
1766983375.399834 18.720708
1766983375.499920 18.758660
1766983375.599777 18.739824
1766983375.699875 18.704172
1766983375.799955 18.562198
1766983375.899787 18.447446
1766983375.999888 18.297439
1766983376.099963 18.284953
1766983376.199803 18.402067
1766983376.299892 18.637297
1766983376.399987 18.830810
1766983376.499829 18.988876
1766983376.599905 18.972704
1766983376.699995 18.807696
1766983376.799830 18.610452
1766983376.899916 18.532690
1766983376.999883 18.509620
1766983377.099977 18.578993
1766983377.199807 18.708462
1766983377.299911 18.789970
1766983377.399887 18.718489
1766983377.499967 18.738240
1766983377.599830 18.705556
1766983377.699920 18.716809
1766983377.799998 18.829509
1766983377.899838 19.010077
1766983377.999925 19.087058
1766983378.099898 19.302142
1766983378.199984 19.402557
1766983378.299826 19.416007
1766983378.399911 19.361920
1766983378.499999 19.330822
1766983378.599853 19.135330
1766983378.699946 18.926000
1766983378.799788 18.761409
1766983378.899989 18.706094
1766983378.999836 18.652042
1766983379.099924 18.574132
1766983379.199776 18.589918
1766983379.299985 18.579574
1766983379.399833 18.511574
1766983379.499917 18.425464
1766983379.599886 18.421577
1766983379.699969 18.342865
1766983379.799821 18.360694
1766983379.899913 18.506342
1766983379.999996 18.719064
1766983380.099836 18.867980
1766983380.199915 19.037253
1766983380.299875 19.075292
1766983380.399948 19.076600
1766983380.499781 18.978009
1766983380.599997 18.972412
1766983380.699832 18.967642
1766983380.799905 18.996673
1766983380.899878 18.927937
1766983380.999956 18.896518
1766983381.099778 18.845983
1766983381.199876 18.845420
1766983381.299968 18.814838
1766983381.399805 18.783741
1766983381.499893 18.808212
1766983381.599991 18.851177
1766983381.699837 18.925305
1766983381.799939 19.052343
1766983381.899775 19.171492
1766983381.999992 19.192199
1766983382.099828 19.168950
1766983382.199919 19.194790
1766983382.299882 19.216977
1766983382.399965 19.334373
1766983382.499795 19.525567
1766983382.599892 19.770041
1766983382.699984 19.867446
1766983382.799827 19.856974
1766983382.899916 19.780226
1766983382.999991 19.658940
1766983383.099832 19.488473
1766983383.199931 19.400544
1766983383.299991 19.495531
1766983383.399831 19.665806
1766983383.499919 19.843128
1766983383.599895 19.989460
1766983383.699986 20.134463
1766983383.799830 20.136081
1766983383.899942 20.070997
1766983383.999893 20.036549
1766983384.099981 20.031443
1766983384.199813 20.085987
1766983384.299900 20.193412
1766983384.399988 20.301403
1766983384.499834 20.388381
1766983384.599922 20.546996
1766983384.699882 20.619867
1766983384.799975 20.677260
1766983384.899829 20.694328
1766983384.999928 20.719812
1766983385.099897 20.715278
1766983385.199982 20.712138
1766983385.299809 20.773111
1766983385.399894 20.843592
1766983385.499987 20.962599
1766983385.599827 21.105058
1766983385.699921 21.207695
1766983385.799891 21.226479
1766983385.899985 21.301012
1766983385.999833 21.392583
1766983386.099904 21.400384
1766983386.199999 21.419113
1766983386.299834 21.502680
1766983386.399925 21.528986
1766983386.499882 21.495953
1766983386.599987 21.506885
1766983386.699831 21.551103
1766983386.799930 21.513735
1766983386.899781 21.484024
1766983386.999994 21.463464
1766983387.099832 21.419973
1766983387.199931 21.388716
1766983387.299892 21.408427
1766983387.399989 21.394281
1766983387.499814 21.394996
1766983387.599904 21.506556
1766983387.699992 21.548617
1766983387.799834 21.550254
1766983387.899912 21.642037
1766983387.999885 21.730530
1766983388.099980 21.797561
1766983388.199810 21.910112
1766983388.299899 22.038616
1766983388.399990 22.088872
1766983388.499824 22.149615
1766983388.599905 22.201252
1766983388.699999 22.309476
1766983388.799847 22.365846
1766983388.899939 22.435074
1766983388.999789 22.561322
1766983389.099877 22.557225
1766983389.199959 22.540543
1766983389.299802 22.600640
1766983389.399893 22.657702
1766983389.499970 22.622290
1766983389.599817 22.611224
1766983389.699903 22.577295
1766983389.799988 22.571450
1766983389.899836 22.540987
1766983389.999924 22.522309
1766983390.099882 22.587132
1766983390.199990 22.663969
1766983390.299841 22.672513
1766983390.399935 22.805413
1766983390.499776 22.902151
1766983390.599998 22.991273
1766983390.699832 23.041923
1766983390.799922 23.077683
1766983390.899994 23.016773
1766983390.999829 22.979991
1766983391.099919 22.960336
1766983391.199992 22.988879
1766983391.299833 23.030828
1766983391.399918 23.120885
1766983391.599973 23.198989
1766983391.699811 23.141086
1766983391.799900 23.133453
1766983391.899978 23.126003
1766983391.999820 23.059794
1766983392.099907 23.042784
1766983392.199985 23.115881
1766983392.299814 23.165043
1766983392.399904 23.266855
1766983392.499875 23.390418
1766983392.599976 23.467907
1766983392.699839 23.513046
1766983392.799915 23.433795
1766983392.899885 23.329767
1766983392.999974 23.226861
1766983393.099826 23.171967
1766983393.199914 23.098457
1766983393.299887 23.056469
1766983393.399964 23.011393
1766983393.499820 23.018852
1766983393.599912 22.935554
1766983393.699776 22.954360
1766983393.799880 23.063094
1766983393.899959 23.145031
1766983393.999812 23.170077
1766983394.099894 23.244238
1766983394.199983 23.271983
1766983394.299824 23.196478
1766983394.399928 23.201796
1766983394.499775 23.174010
1766983394.599989 23.112404
1766983394.699822 23.073962
1766983394.799918 23.151253
1766983394.899885 23.286843
1766983394.999970 23.490156
1766983395.099809 23.651288
1766983395.199906 23.707547
1766983395.299885 23.731198
1766983395.399962 23.593718
1766983395.499798 23.419268
1766983395.599895 23.323282
1766983395.699979 23.264140
1766983395.799816 23.206782
1766983395.899910 23.148875
1766983395.999881 23.121892
1766983396.099967 22.982500
1766983396.199806 22.690663
1766983396.299891 22.232761
1766983396.399983 21.568483
1766983396.499830 20.289003
1766983396.599919 18.771855
1766983396.699879 17.700841
1766983396.799961 17.278812
1766983396.899800 17.637083
1766983396.999895 19.050821
1766983397.099970 21.015848
1766983397.199809 22.607309
1766983397.299905 23.480899
1766983397.399997 23.515917
1766983397.499843 22.909480
1766983397.599927 22.030466
1766983397.699885 21.323892
1766983397.799969 20.833395
1766983397.899810 20.726536
1766983397.999902 20.858453
1766983398.099990 21.093133
1766983398.199845 21.216671
1766983398.299932 21.235908
1766983398.399777 21.173908
1766983398.499995 20.960206
1766983398.599855 20.685795
1766983398.699953 20.442610
1766983398.799792 20.309663
1766983398.899887 20.165219
1766983398.999968 20.142122
1766983399.099800 20.193197
1766983399.199888 20.250524
1766983399.299973 20.295639
1766983399.399807 20.348396
1766983399.499896 20.348280
1766983399.599968 20.300400
1766983399.699812 20.210136
1766983399.799888 20.051810
1766983399.899987 19.940782
1766983399.999838 19.974573
1766983400.099933 20.045007
1766983400.199898 20.192086
1766983400.299989 20.351158
1766983400.399825 20.438704
1766983400.499909 20.428887
1766983400.599995 20.362230
1766983400.699812 20.308106
1766983400.799913 20.319861
1766983400.899880 20.415154
1766983400.999965 20.518171
1766983401.099811 20.699905
1766983401.199904 20.862449
1766983401.299999 21.004078
1766983401.399833 21.068220
1766983401.499920 21.099817
1766983401.599893 21.101113
1766983401.699995 21.134379
1766983401.799830 21.213527
1766983401.899917 21.278165
1766983401.999992 21.325646
1766983402.099830 21.364848
1766983402.199924 21.403281
1766983402.299892 21.445816
1766983402.399980 21.472135
1766983402.499820 21.541975
1766983402.599910 21.646728
1766983402.699997 21.666377
1766983402.799837 21.650744
1766983402.899921 21.723236
1766983402.999883 21.753633
1766983403.099977 21.704627
1766983403.199831 21.687345
1766983403.299934 21.747033
1766983403.399895 21.879389
1766983403.499987 21.995949
1766983403.599827 22.057865
1766983403.699920 22.136407
1766983403.799776 22.058602
1766983403.899982 21.889125
1766983403.999810 21.747136
1766983404.099893 21.709194
1766983404.199980 21.726123
1766983404.299826 21.739624
1766983404.399905 21.739571
1766983404.499878 21.768231
1766983404.599953 21.787419
1766983404.699805 21.620402
1766983404.799886 21.458000
1766983404.899985 21.311180
1766983404.999831 21.126966
1766983405.099928 20.955999
1766983405.199898 20.894915
1766983405.299995 20.854211
1766983405.399837 20.765984
1766983405.499932 20.721839
1766983405.599777 20.584823
1766983405.699989 20.430010
1766983405.799830 20.278043
1766983405.899915 20.102128
1766983405.999878 19.890449
1766983406.099976 19.768347
1766983406.199821 19.678975
1766983406.299894 19.595505
1766983406.399980 19.578671
1766983406.499817 19.505047
1766983406.599898 19.407544
1766983406.699992 19.263433
1766983406.799836 19.155309
1766983406.899916 19.029883
1766983406.999885 18.967460
1766983407.099966 18.903978
1766983407.199809 18.838722
1766983407.299896 18.754819
1766983407.399984 18.652569
1766983407.499833 18.620590
1766983407.599914 18.563703
1766983407.699887 18.560811
1766983407.799983 18.577300
1766983407.899840 18.559433
1766983407.999924 18.457797
1766983408.099891 18.396538
1766983408.199963 18.339049
1766983408.299815 18.325073
1766983408.399919 18.310360
1766983408.499881 18.323360
1766983408.599962 18.311633
1766983408.699791 18.240205
1766983408.799885 18.128072
1766983408.899965 18.170790
1766983408.999799 18.257596
1766983409.099885 18.351547
1766983409.199962 18.472028
1766983409.299795 18.501692
1766983409.399885 18.463772
1766983409.499965 18.416512
1766983409.599798 18.379013
1766983409.699880 18.387340
1766983409.799971 18.441005
1766983409.899798 18.448056
1766983409.999883 18.429072
1766983410.099978 18.371992
1766983410.199824 18.309504
1766983410.299917 18.275571
1766983410.399891 18.263489
1766983410.499977 18.251686
1766983410.599823 18.267874
1766983410.699911 18.218163
1766983410.799997 18.157650
1766983410.899838 18.153934
1766983410.999918 18.145570
1766983411.099891 18.150671
1766983411.199977 18.171458
1766983411.299801 18.191144
1766983411.399882 18.168982
1766983411.499971 18.148119
1766983411.599820 18.114650
1766983411.699915 18.138796
1766983411.799875 18.209768
1766983411.899978 18.269274
1766983411.999822 18.288667
1766983412.099902 18.302400
1766983412.199881 18.279188
1766983412.299969 18.252970
1766983412.399797 18.218388
1766983412.499901 18.179084
1766983412.599992 18.147100
1766983412.699840 18.135989
1766983412.799933 18.096871
1766983412.899799 18.092456
1766983412.999891 18.172760
1766983413.099986 18.279234
1766983413.199809 18.297616
1766983413.299877 18.234338
1766983413.399965 18.220439
1766983413.499813 18.191503
1766983413.599895 18.164202
1766983413.699997 18.144468
1766983413.799840 18.188449
1766983413.899925 18.153746
1766983413.999776 18.112031
1766983414.099880 18.071421
1766983414.199970 18.085890
1766983414.299811 18.087267
1766983414.399888 18.109898
1766983414.499972 18.083444
1766983414.599810 18.116262
1766983414.699900 18.204111
1766983414.799973 18.289109
1766983414.899803 18.431843
1766983415.000125 18.447102
1766983415.099983 18.303551
1766983415.199831 18.227938
1766983415.299927 18.214323
1766983415.399885 18.180104
1766983415.499981 18.353948
1766983415.599811 18.579448
1766983415.699904 18.653624
1766983415.799889 18.696285
1766983415.899994 18.591595
1766983415.999844 18.447370
1766983416.099936 18.426349
1766983416.199798 18.428370
1766983416.299887 18.409958
1766983416.399965 18.529931
1766983416.499803 18.564723
1766983416.599885 18.495592
1766983416.699986 18.482489
1766983416.799824 18.453973
1766983416.899917 18.459772
1766983416.999884 18.493085
1766983417.099989 18.553553
1766983417.199824 18.565000
1766983417.299914 18.663449
1766983417.399993 18.688433
1766983417.499832 18.792089
1766983417.599916 18.899907
1766983417.699877 19.046017
1766983417.799965 19.105058
1766983417.899804 19.148462
1766983417.999897 19.158347
1766983418.099989 19.193626
1766983418.199829 19.172721
1766983418.299918 19.132935
1766983418.399888 19.257929
1766983418.499960 19.498294
1766983418.599799 19.697918
1766983418.699876 19.966643
1766983418.799954 20.319985
1766983418.899794 20.453095
1766983418.999898 20.464354
1766983419.099982 20.409147
1766983419.199828 20.244760
1766983419.299913 19.991550
1766983419.399876 19.748362
1766983419.499968 19.553808
1766983419.599806 19.355153
1766983419.699904 19.242872
1766983419.799980 19.212900
1766983419.899823 19.198138
1766983419.999911 19.110433
1766983420.099890 19.081874
1766983420.199963 19.053541
1766983420.299800 19.027744
1766983420.399886 18.980314
1766983420.499958 18.928522
1766983420.599802 18.882548
1766983420.699896 18.794024
1766983420.799985 18.672214
1766983420.899823 18.632772
1766983420.999898 18.632910
1766983421.099988 18.591889
1766983421.199822 18.541169
1766983421.299907 18.446191
1766983421.399883 18.336769
1766983421.499966 18.234993
1766983421.599802 18.225219
1766983421.699892 18.257127
1766983421.799994 18.369098
1766983421.899840 18.375820
1766983421.999916 18.384355
1766983422.099876 18.326168
1766983422.199955 18.233617
1766983422.299776 18.112470
1766983422.399986 18.162482
1766983422.499827 18.206005
1766983422.599914 18.214368
1766983422.699888 18.227982
1766983422.799979 18.272098
1766983422.899803 18.187942
1766983422.999887 18.051662
1766983423.099965 18.000025
1766983423.199806 18.003111
1766983423.299893 17.962207
1766983423.399984 18.037558
1766983423.499824 18.165658
1766983423.599903 18.254704
1766983423.699975 18.340900
1766983423.799815 18.419852
1766983423.899931 18.477362
1766983423.999786 18.532127
1766983424.099887 18.511671
1766983424.199969 18.485544
1766983424.299809 18.466462
1766983424.399907 18.506175
1766983424.499883 18.708042
1766983424.599967 18.912537
1766983424.699820 19.094611
1766983424.799908 19.221096
1766983424.899897 19.149724
1766983424.999992 18.987050
1766983425.099835 18.906092
1766983425.199932 18.841699
1766983425.299778 18.889905
1766983425.399999 19.050111
1766983425.499833 19.119135
1766983425.599910 19.324396
1766983425.699894 19.531656
1766983425.799986 19.743052
1766983425.899810 19.916630
1766983425.999905 20.124551
1766983426.099999 20.252849
1766983426.199846 20.344914
1766983426.299923 20.372036
1766983426.399890 20.467654
1766983426.499962 20.530150
1766983426.599809 20.466374
1766983426.699898 20.336178
1766983426.799989 20.247727
1766983426.899839 20.199901
1766983426.999923 20.133865
1766983427.099888 20.064195
1766983427.199963 20.087691
1766983427.299809 20.066314
1766983427.399898 19.974345
1766983427.499983 19.889609
1766983427.599807 19.893610
1766983427.699898 19.849530
1766983427.799990 19.933733
1766983427.899833 20.024308
1766983427.999924 20.134110
1766983428.099889 20.212745
1766983428.199877 20.358230
1766983428.299981 20.355693
1766983428.399820 20.315194
1766983428.499899 20.240152
1766983428.599996 20.146213
1766983428.699838 20.119966
1766983428.799930 20.182954
1766983428.899897 20.251612
1766983428.999994 20.335958
1766983429.099830 20.434147
1766983429.199915 20.377366
1766983429.299889 20.294959
1766983429.399967 20.296587
1766983429.499801 20.306591
1766983429.599902 20.270915
1766983429.699875 20.292061
1766983429.799964 20.269486
1766983429.899808 20.157093
1766983429.999905 20.069532
1766983430.099987 20.056793
1766983430.199832 20.103634
1766983430.299914 20.200092
1766983430.399888 20.232395
1766983430.499984 20.287744
1766983430.599839 20.313622
1766983430.699919 20.277028
1766983430.799876 20.278977
1766983430.899956 20.341713
1766983430.999789 20.391250
1766983431.099883 20.451404
1766983431.199973 20.528371
1766983431.299820 20.548704
1766983431.399911 20.628149
1766983431.499889 20.706548
1766983431.599982 20.830811
1766983431.699806 20.919747
1766983431.799894 20.920975
1766983431.899995 20.876485
1766983431.999833 20.816035
1766983432.099912 20.733054
1766983432.199987 20.680697
1766983432.299840 20.669768
1766983432.399926 20.648306
1766983432.499889 20.635687
1766983432.599975 20.607352
1766983432.699808 20.549975
1766983432.799895 20.553345
1766983432.899995 20.674522
1766983432.999829 20.764792
1766983433.099909 20.844716
1766983433.199880 20.960197
1766983433.299975 21.022152
1766983433.399801 20.954135
1766983433.499902 20.970557
1766983433.599998 21.065030
1766983433.699837 21.153567
1766983433.799924 21.144686
1766983433.899885 21.131202
1766983433.999980 21.094387
1766983434.099821 21.008683
1766983434.199920 20.952148
1766983434.299885 21.002502
1766983434.399976 21.142443
1766983434.499831 21.302546
1766983434.599916 21.369826
1766983434.699894 21.377103
1766983434.799984 21.374297
1766983434.899809 21.358024
1766983434.999885 21.360481
1766983435.099952 21.420233
1766983435.199784 21.503848
1766983435.299883 21.557143
1766983435.399981 21.680983
1766983435.499825 21.699252
1766983435.599906 21.703080
1766983435.699994 21.693360
1766983435.799823 21.713740
1766983435.899911 21.641728
1766983435.999875 21.554321
1766983436.099976 21.499928
1766983436.199825 21.517579
1766983436.299905 21.583185
1766983436.399981 21.589743
1766983436.499823 21.614716
1766983436.599911 21.611077
1766983436.699997 21.533261
1766983436.799830 21.463548
1766983436.899930 21.441262
1766983436.999897 21.454142
1766983437.099978 21.489229
1766983437.199823 21.583202
1766983437.299911 21.662743
1766983437.399877 21.705980
1766983437.499963 21.679624
1766983437.599796 21.635751
1766983437.699882 21.595357
1766983437.799975 21.578380
1766983437.899807 21.683518
1766983437.999886 21.739396
1766983438.099968 21.784013
1766983438.199807 21.807538
1766983438.299895 21.807800
1766983438.399977 21.795926
1766983438.499809 21.921659
1766983438.599895 22.039595
1766983438.699992 22.113635
1766983438.799826 22.213105
1766983438.899919 22.237179
1766983438.999883 22.152075
1766983439.099973 22.022562
1766983439.199817 21.934780
1766983439.299906 21.860539
1766983439.399992 21.800430
1766983439.499840 21.867147
1766983439.599931 22.035188
1766983439.699890 22.176037
1766983439.799987 22.264587
1766983439.899827 22.296645
1766983439.999923 22.302085
1766983440.099885 22.287512
1766983440.199964 22.310454
1766983440.299805 22.323289
1766983440.399885 22.327025
1766983440.499961 22.287459
1766983440.599775 22.232273
1766983440.699993 22.163693
1766983440.799823 22.130161
1766983440.899919 22.191772
1766983440.999993 22.280992
1766983441.099827 22.485508
1766983441.199914 22.719850
1766983441.299889 22.960722
1766983441.399995 23.174936
1766983441.499837 23.304935
1766983441.599922 23.348922
1766983441.699894 23.371183
1766983441.799974 23.336428
1766983441.899820 23.371827
1766983441.999902 23.411461
1766983442.099984 23.403919
1766983442.199831 23.334838
1766983442.299923 23.265061
1766983442.399888 23.090200
1766983442.499973 22.952098
1766983442.599817 22.878176
1766983442.699894 22.848732
1766983442.799993 22.883245
1766983442.899837 22.920923
1766983442.999922 22.949795
1766983443.099894 22.938323
1766983443.199996 22.831148
1766983443.299838 22.576764
1766983443.399927 22.343869
1766983443.499889 22.190271
1766983443.599989 22.084963
1766983443.699840 22.053876
1766983443.799931 22.031557
1766983443.899787 21.987483
1766983443.999888 21.905423
1766983444.099971 21.790544
1766983444.199820 21.656248
1766983444.299902 21.711610
1766983444.399963 21.802913
1766983444.499789 21.833059
1766983444.599875 21.755939
1766983444.699975 21.706010
1766983444.799820 21.539107
1766983444.899913 21.345169
1766983444.999878 21.198088
1766983445.099973 21.134873
1766983445.199826 21.123617
1766983445.299911 21.183036
1766983445.399998 21.204600
1766983445.499843 21.178352
1766983445.599930 21.173236
1766983445.699894 21.153972
1766983445.799989 21.125266
1766983445.899836 21.188246
1766983445.999925 21.254047
1766983446.099775 21.276829
1766983446.199982 21.204864
1766983446.299825 21.099445
1766983446.399912 20.979375
1766983446.499993 20.966823
1766983446.599824 21.044153
1766983446.699907 21.150361
1766983446.799875 21.185876
1766983446.899970 21.247074
1766983446.999816 21.302560
1766983447.099911 21.252523
1766983447.199876 21.262354
1766983447.299958 21.240145
1766983447.399798 21.183862
1766983447.499891 21.035116
1766983447.599983 20.892740
1766983447.699829 20.680960
1766983447.799918 20.640046
1766983447.899897 20.574127
1766983447.999987 20.537497
1766983448.099833 20.637114
1766983448.199936 20.731115
1766983448.299777 20.685209
1766983448.399994 20.473758
1766983448.499829 20.210750
1766983448.599926 19.944914
1766983448.699880 19.722081
1766983448.799965 19.654256
1766983448.899810 19.753440
1766983448.999900 19.960456
1766983449.099994 20.079514
1766983449.199849 20.171176
1766983449.299937 20.202567
1766983449.399893 20.221721
1766983449.499991 20.236698
1766983449.599829 20.246387
1766983449.699921 20.275236
1766983449.799885 20.324136
1766983449.899983 20.374452
1766983449.999825 20.383686
1766983450.099923 20.371959
1766983450.199788 20.255250
1766983450.299997 20.169770
1766983450.399851 20.102542
1766983450.499942 20.037765
1766983450.599783 20.027884
1766983450.699879 20.112797
1766983450.799955 20.150838
1766983450.899800 20.192618
1766983450.999890 20.200370
1766983451.099971 20.175531
1766983451.199817 20.158578
1766983451.299920 20.084280
1766983451.399896 20.024012
1766983451.499986 19.999741
1766983451.599824 20.055157
1766983451.699912 20.095157
1766983451.799875 20.143446
1766983451.899970 20.160363
1766983451.999810 20.132469
1766983452.099912 20.075644
1766983452.199883 20.118927
1766983452.299988 20.246287
1766983452.399828 20.339331
1766983452.499919 20.421241
1766983452.599899 20.411507
1766983452.699989 20.369209
1766983452.799837 20.294071
1766983452.899917 20.241379
1766983452.999875 20.234889
1766983453.099956 20.191644
1766983453.199785 20.144407
1766983453.299995 20.131078
1766983453.399823 20.201901
1766983453.499909 20.260451
1766983453.599993 20.302848
1766983453.699837 20.316816
1766983453.799925 20.260047
1766983453.899887 20.183702
1766983453.999978 20.166957
1766983454.099817 20.250257
1766983454.199906 20.293505
1766983454.299998 20.317230
1766983454.399843 20.307679
1766983454.499935 20.301151
1766983454.599776 20.332758
1766983454.699985 20.390455
1766983454.799818 20.442142
1766983454.899903 20.459820
1766983454.999977 20.487271
1766983455.099819 20.514780
1766983455.199914 20.515922
1766983455.299882 20.524913
1766983455.399967 20.538933
1766983455.499808 20.529244
1766983455.599895 20.486943
1766983455.699978 20.491737
1766983455.799818 20.528593
1766983455.899906 20.582419
1766983455.999881 20.606877
1766983456.099964 20.652719
1766983456.199816 20.644271
1766983456.299903 20.640030
1766983456.399997 20.599791
1766983456.499848 20.578162
1766983456.599937 20.534057
1766983456.699894 20.547566
1766983456.799992 20.528278
1766983456.899844 20.529156
1766983456.999934 20.503656
1766983457.099900 20.402492
1766983457.199881 20.270935
1766983457.299962 20.139854
1766983457.399813 20.031972
1766983457.499912 19.941103
1766983457.599875 19.885390
1766983457.699976 19.850083
1766983457.799825 19.791376
1766983457.899905 19.680806
1766983457.999996 19.545518
1766983458.099849 19.414556
1766983458.199933 19.286146
1766983458.299780 19.206123
1766983458.399991 19.205994
1766983458.499835 19.240994
1766983458.599925 19.260782
1766983458.699894 19.270145
1766983458.799981 19.293054
1766983458.899816 19.147418
1766983458.999902 18.935118
1766983459.099886 18.790479
1766983459.199980 18.656322
1766983459.299828 18.549314
1766983459.399927 18.605017
1766983459.499887 18.705946
1766983459.599982 18.716063
1766983459.699820 18.718896
1766983459.799911 18.664447
1766983459.899875 18.573471
1766983459.999974 18.524753
1766983460.099813 18.561633
1766983460.199907 18.530979
1766983460.299990 18.522050
1766983460.399836 18.522950
1766983460.499928 18.525812
1766983460.599894 18.432593
1766983460.699982 18.385298
1766983460.799830 18.274386
1766983460.899911 18.179908
1766983460.999878 18.137074
1766983461.099968 18.086725
1766983461.199810 17.951740
1766983461.299881 17.925349
1766983461.399963 17.913501
1766983461.499819 17.794107
1766983461.599923 17.747055
1766983461.699880 17.868459
1766983461.799968 17.942818
1766983461.899811 17.959327
1766983461.999891 17.940014
1766983462.099985 17.923145
1766983462.199833 17.812368
1766983462.299920 17.730585
1766983462.399884 17.635481
1766983462.499968 17.614918
1766983462.599818 17.714268
1766983462.699903 17.851708
1766983462.799986 17.961170
1766983462.899835 18.061843
1766983462.999930 18.096869
1766983463.099884 17.967862
1766983463.199958 17.872155
1766983463.299797 17.699819
1766983463.399888 17.583842
1766983463.499975 17.603753
1766983463.599811 17.683413
1766983463.699900 17.680829
1766983463.799984 17.817925
1766983463.899832 17.858374
1766983463.999915 17.735970
1766983464.099875 17.628739
1766983464.199952 17.672515
1766983464.299793 17.704484
1766983464.399999 17.828127
1766983464.499822 18.091313
1766983464.599916 18.318268
1766983464.699994 18.345813
1766983464.799842 18.344922
1766983464.899935 18.338123
1766983464.999896 18.329884
1766983465.099981 18.304804
1766983465.199809 18.338509
1766983465.299906 18.370890
1766983465.399877 18.321645
1766983465.499965 18.257787
1766983465.599810 18.383024
1766983465.699909 18.649711
1766983465.799888 18.772430
1766983465.899971 18.903208
1766983465.999807 19.011947
1766983466.099902 18.996123
1766983466.199971 18.804437
1766983466.299816 18.769267
1766983466.399910 18.763124
1766983466.499986 18.698204
1766983466.599813 18.634932
1766983466.699904 18.724795
1766983466.799876 18.825422
1766983466.899953 18.933240
1766983466.999801 19.010974
1766983467.099896 19.075441
1766983467.199998 19.068147
1766983467.299833 19.032575
1766983467.399939 18.952492
1766983467.499776 18.983694
1766983467.599989 19.046707
1766983467.699829 19.141739
1766983467.799913 19.148116
1766983467.899999 19.190772
1766983467.999838 19.162905
1766983468.099927 19.073461
1766983468.199895 19.026494
1766983468.299991 19.128443
1766983468.399835 19.393524
1766983468.499934 19.668422
1766983468.599790 19.958524
1766983468.699893 20.082316
1766983468.799979 20.046354
1766983468.899823 19.923001
1766983468.999906 19.808726
1766983469.099990 19.748889
1766983469.199840 19.780029
1766983469.299924 19.906232
1766983469.399899 20.020424
1766983469.499983 20.023200
1766983469.599824 19.910554
1766983469.699921 19.862001
1766983469.799882 19.862632
1766983469.899974 19.867876
1766983469.999815 19.921524
1766983470.099908 20.027715
1766983470.199994 20.036357
1766983470.299833 19.950365
1766983470.399914 19.824299
1766983470.499885 19.855330
1766983470.599976 19.852847
1766983470.699813 19.831634
1766983470.799912 19.836264
1766983470.899882 19.782569
1766983470.999980 19.630856
1766983471.099808 19.665192
1766983471.199916 19.669753
1766983471.299993 19.704422
1766983471.399828 19.768557
1766983471.499923 19.731608
1766983471.599884 19.580826
1766983471.699978 19.530273
1766983471.799818 19.474119
1766983471.899902 19.459198
1766983471.999994 19.491397
1766983472.099839 19.486488
1766983472.199931 19.374569
1766983472.299776 19.283456
1766983472.399985 19.218142
1766983472.499815 19.160274
1766983472.599917 19.024512
1766983472.699882 19.035643
1766983472.799964 19.091808
1766983472.899809 19.185929
1766983472.999907 19.215615
1766983473.099879 19.219459
1766983473.199968 19.152549
1766983473.299794 18.924682
1766983473.399999 18.654710
1766983473.499834 18.630417
1766983473.599926 18.785180
1766983473.699893 18.953995
1766983473.799973 19.179033
1766983473.899818 19.243382
1766983473.999915 19.257484
1766983474.099893 19.202174
1766983474.199984 19.135565
1766983474.299828 19.022656
1766983474.399906 19.033216
1766983474.499993 18.908219
1766983474.599825 18.846172
1766983474.699903 18.751385
1766983474.799980 18.667336
1766983474.899832 18.612521
1766983474.999928 18.634749
1766983475.099786 18.594122
1766983475.199997 18.695189
1766983475.299826 18.761431
1766983475.399928 18.751003
1766983475.499890 18.813025
1766983475.599998 18.846814
1766983475.699823 18.627268
1766983475.799909 18.495216
1766983475.899985 18.452464
1766983475.999827 18.262976
1766983476.099909 18.088065
1766983476.199989 18.095363
1766983476.299830 18.097266
1766983476.399911 18.099024
1766983476.499996 18.139002
1766983476.599834 18.226847
1766983476.699932 18.279870
1766983476.799897 18.176582
1766983476.899989 18.009612
1766983476.999819 17.835687
1766983477.099906 17.656341
1766983477.199998 17.472462
1766983477.299827 17.527817
1766983477.399915 17.638929
1766983477.499993 17.780995
1766983477.599834 17.878716
1766983477.699934 17.973497
1766983477.799897 18.018646
1766983477.899984 18.137956
1766983477.999825 18.227878
1766983478.099908 18.423059
1766983478.199992 18.547410
1766983478.299828 18.527707
1766983478.399915 18.337245
1766983478.499993 18.355330
1766983478.599841 18.260677
1766983478.699927 18.287830
1766983478.799779 18.368958
1766983478.899997 18.509455
1766983478.999826 18.443226
1766983479.099920 18.358107
1766983479.199894 18.179296
1766983479.299994 18.088408
1766983479.399833 18.184634
1766983479.499917 18.322273
1766983479.599888 18.496469
1766983479.699965 18.767316
1766983479.799805 19.016579
1766983479.899883 19.070268
1766983479.999983 19.104948
1766983480.099826 19.215066
1766983480.199891 19.311493
1766983480.299979 19.456433
1766983480.399811 19.615781
1766983480.499903 19.886185
1766983480.599989 20.195976
1766983480.699832 20.496475
1766983480.799929 20.712787
1766983480.899899 20.946489
1766983480.999877 21.045101
1766983481.099971 20.997743
1766983481.199820 20.807083
1766983481.299909 20.683581
1766983481.399886 20.551286
1766983481.499969 20.445862
1766983481.599795 20.374583
1766983481.699884 20.460823
1766983481.799985 20.567800
1766983481.899822 20.739036
1766983481.999918 20.907396
1766983482.099893 21.090606
1766983482.199880 21.237782
1766983482.299979 21.394403
1766983482.399808 21.525022
1766983482.499895 21.764064
1766983482.599981 21.998587
1766983482.699829 22.187182
1766983482.799919 22.267837
1766983482.899893 22.313521
1766983482.999965 22.318337
1766983483.099804 22.271342
1766983483.199896 22.289917
1766983483.299988 22.414803
1766983483.399822 22.529479
1766983483.499915 22.524486
1766983483.599877 22.561186
1766983483.699968 22.598529
1766983483.799797 22.600605
1766983483.899894 22.563256
1766983483.999986 22.572826
1766983484.099824 22.588024
1766983484.199922 22.648004
1766983484.299887 22.764653
1766983484.399968 23.000347
1766983484.499800 23.315443
1766983484.599885 23.552523
1766983484.699985 23.718410
1766983484.799819 23.763749
1766983484.899890 23.686096
1766983484.999983 23.427567
1766983485.099815 23.257040
1766983485.199910 23.045341
1766983485.299996 22.895622
1766983485.399832 22.809755
1766983485.499936 22.823165
1766983485.599781 22.772065
1766983485.699987 22.744161
1766983485.799826 22.744041
1766983485.899903 22.737068
1766983485.999991 22.752610
1766983486.099829 22.835950
1766983486.199927 22.858304
1766983486.299886 22.802307
1766983486.399973 22.700999
1766983486.499827 22.634793
1766983486.599911 22.616292
1766983486.699875 22.639966
1766983486.799974 22.747254
1766983486.899804 22.908439
1766983486.999893 23.119648
1766983487.099983 23.250760
1766983487.199823 23.516634
1766983487.299896 23.583263
1766983487.399988 23.586689
1766983487.499825 23.464739
1766983487.599915 23.304872
1766983487.699885 23.105175
1766983487.799959 23.063637
1766983487.899803 23.036814
1766983487.999897 23.103768
1766983488.099875 23.119501
1766983488.199967 23.087501
1766983488.299811 22.833891
1766983488.399907 22.586078
1766983488.499876 22.140062
1766983488.599972 21.761486
1766983488.699822 21.388785
1766983488.799908 21.272263
1766983488.899994 21.176384
1766983488.999835 21.231257
1766983489.099939 21.423279
1766983489.199789 21.604061
1766983489.299995 21.774322
1766983489.399840 21.922223
1766983489.499923 21.979945
1766983489.599878 21.937456
1766983489.699965 21.946166
1766983489.799823 21.924492
1766983489.899907 22.007082
1766983489.999997 22.168382
1766983490.099851 22.349803
1766983490.199945 22.445133
1766983490.299782 22.604833
1766983490.399997 22.717133
1766983490.499847 22.766592
1766983490.599949 22.712748
1766983490.699793 22.818788
1766983490.799899 22.832951
1766983490.899986 22.646252
1766983490.999817 22.414075
1766983491.099912 22.310146
1766983491.199879 22.088748
1766983491.299972 21.881541
1766983491.399819 21.944587
1766983491.499899 22.049277
1766983491.599992 22.074379
1766983491.699818 21.908997
1766983491.799915 21.676503
1766983491.899890 21.361789
1766983491.999980 21.060854
1766983492.099817 20.828503
1766983492.199908 20.945201
1766983492.299881 21.072752
1766983492.399957 21.102055
1766983492.499790 21.158686
1766983492.599876 21.195845
1766983492.699961 21.102599
1766983492.799787 21.113443
1766983492.899875 21.153384
1766983492.999966 21.212885
1766983493.099803 21.336758
1766983493.199900 21.386394
1766983493.299989 21.366155
1766983493.399837 21.414944
1766983493.499934 21.432270
1766983493.599777 21.300199
1766983493.699876 21.173477
1766983493.799958 21.007416
1766983493.899802 20.899815
1766983493.999892 20.878439
1766983494.099976 20.966253
1766983494.199821 21.111072
1766983494.299904 21.225031
1766983494.399879 21.255684
1766983494.499974 21.132363
1766983494.599823 20.943156
1766983494.699911 20.645688
1766983494.799876 20.616803
1766983494.899960 20.716374
1766983494.999803 20.900149
1766983495.099908 20.992489
1766983495.199986 21.178238
1766983495.299819 21.253132
1766983495.399912 21.192313
1766983495.499996 21.124891
1766983495.599835 21.139920
1766983495.699932 21.282933
1766983495.799776 21.198279
1766983495.899985 21.155912
1766983495.999840 21.217945
1766983496.099926 21.317232
1766983496.199780 21.163085
1766983496.299998 21.201156
1766983496.399851 21.271340
1766983496.499941 21.062511
1766983496.599898 20.952538
1766983496.699996 21.119262
1766983496.799849 21.282773
1766983496.899949 21.311928
1766983496.999787 21.470976
1766983497.099877 21.485495
1766983497.199963 21.242537
1766983497.299811 21.015122
1766983497.399887 21.018355
1766983497.499976 21.077772
1766983497.599800 21.198001
1766983497.699890 21.327191
1766983497.799986 21.318458
1766983497.899823 21.221791
1766983497.999910 21.084469
1766983498.099993 20.900583
1766983498.199833 20.809549
1766983498.299910 20.875894
1766983498.399878 20.929789
1766983498.499960 20.983605
1766983498.599800 21.054949
1766983498.699884 21.135516
1766983498.799962 20.915191
1766983498.899798 20.796471
1766983498.999878 20.832480
1766983499.099970 20.820254
1766983499.199808 20.809924
1766983499.299905 21.010882
1766983499.399995 21.020229
1766983499.499845 20.861697
1766983499.599935 20.728495
1766983499.699897 20.604127
1766983499.799984 20.604943
1766983499.899822 20.655779
1766983499.999902 20.784679
1766983500.099983 20.968289
1766983500.199811 21.096428
1766983500.299907 21.069161
1766983500.399883 21.126418
1766983500.499975 21.180049
1766983500.599816 21.085620
1766983500.699888 20.943515
1766983500.799979 20.954963
1766983500.899817 20.912496
1766983500.999907 20.906360
1766983501.099991 21.060258
1766983501.199835 21.222721
1766983501.299913 21.154904
1766983501.399887 21.117475
1766983501.499995 21.081063
1766983501.599842 21.040474
1766983501.699921 21.142267
1766983501.799777 21.326705
1766983501.899978 21.372112
1766983501.999826 21.368737
1766983502.099922 21.325285
1766983502.199890 21.233179
1766983502.299978 21.097433
1766983502.399821 21.083334
1766983502.499919 20.857762
1766983502.599875 20.630382
1766983502.699969 20.409612
1766983502.799812 20.274814
1766983502.899894 20.137378
1766983502.999978 20.341575
1766983503.099815 20.644688
1766983503.199895 20.855531
1766983503.299968 21.027910
1766983503.399815 21.144689
1766983503.499906 21.153233
1766983503.599994 21.237461
1766983503.699826 21.316090
1766983503.799916 21.501923
1766983503.899889 21.680347
1766983503.999969 22.008078
1766983504.099821 22.207430
1766983504.199914 22.385214
1766983504.299878 22.335032
1766983504.399955 22.272122
1766983504.499799 22.060917
1766983504.599891 21.776207
1766983504.699976 21.612132
1766983504.799804 21.598343
1766983504.899901 21.692704
1766983504.999976 21.773930
1766983505.099840 22.003312
1766983505.199933 22.163031
1766983505.299883 22.307899
1766983505.399987 22.252645
1766983505.499834 22.261475
1766983505.599904 22.160699
1766983505.699992 22.174595
1766983505.799838 22.239440
1766983505.899920 22.304630
1766983505.999895 22.192318
1766983506.099978 22.078348
1766983506.199832 21.875295
1766983506.299928 21.686770
1766983506.399891 21.634479
1766983506.499981 21.660884
1766983506.599810 21.724476
1766983506.699897 21.835898
1766983506.799981 21.989286
1766983506.899841 22.071765
1766983506.999930 22.052257
1766983507.099892 22.080109
1766983507.199985 22.028509
1766983507.299815 21.856031
1766983507.399905 21.765608
1766983507.499984 21.786048
1766983507.599832 21.765164
1766983507.699915 21.784772
1766983507.799877 21.892413
1766983507.899967 21.940718
1766983507.999810 22.026468
1766983508.099905 22.070343
1766983508.199993 22.081766
1766983508.299830 22.034094
1766983508.399905 22.007136
1766983508.499988 21.928070
1766983508.599814 21.818531
1766983508.699904 21.751447
1766983508.799996 21.792230
1766983508.899816 21.848108
1766983508.999902 21.926994
1766983509.099877 21.998258
1766983509.199965 22.081178
1766983509.299792 22.076172
1766983509.399999 22.081336
1766983509.499849 22.105614
1766983509.599938 22.124019
1766983509.699782 22.105449
1766983509.799999 22.134154
1766983509.899844 22.222038
1766983509.999927 22.321296
1766983510.099775 22.470368
1766983510.199994 22.551758
1766983510.299843 22.568364
1766983510.399938 22.525382
1766983510.499781 22.466865
1766983510.599989 22.447016
1766983510.699839 22.496075
1766983510.799935 22.529191
1766983510.899898 22.544412
1766983510.999992 22.516952
1766983511.099841 22.484986
1766983511.199931 22.472296
1766983511.299775 22.466240
1766983511.399988 22.455259
1766983511.499835 22.493655
1766983511.599921 22.516989
1766983511.699997 22.529095
1766983511.799832 22.550073
1766983511.899920 22.527184
1766983511.999882 22.524075
1766983512.099979 22.512864
1766983512.199799 22.482798
1766983512.299890 22.478839
1766983512.399985 22.531531
1766983512.499830 22.551659
1766983512.599942 22.542222
1766983512.699776 22.557062
1766983512.799998 22.574904
1766983512.899825 22.549338
1766983512.999909 22.526750
1766983513.099878 22.513197
1766983513.199986 22.500413
1766983513.299833 22.476450
1766983513.399916 22.488995
1766983513.499885 22.495762
1766983513.599998 22.490457
1766983513.699837 22.480404
1766983513.799941 22.416828
1766983513.899897 22.341938
1766983513.999880 22.252111
1766983514.099977 22.178185
1766983514.199809 22.107909
1766983514.299906 22.065326
1766983514.399997 22.027937
1766983514.499839 21.982116
1766983514.599926 21.926189
1766983514.699884 21.835889
1766983514.799971 21.757485
1766983514.899806 21.666621
1766983514.999883 21.595522
1766983515.099978 21.493551
1766983515.199813 21.450881
1766983515.299906 21.418653
1766983515.399999 21.367636
1766983515.499839 21.278187
1766983515.599933 21.199788
1766983515.699787 21.124842
1766983515.799886 21.035037
1766983515.899973 20.955963
1766983515.999809 20.930969
1766983516.099894 20.922774
1766983516.199975 20.884057
1766983516.299830 20.862310
1766983516.399909 20.853857
1766983516.499879 20.828896
1766983516.599983 20.798555
1766983516.699826 20.774418
1766983516.799913 20.706954
1766983516.899885 20.668808
1766983516.999975 20.647711
1766983517.099818 20.622872
1766983517.199900 20.612549
1766983517.299978 20.631179
1766983517.399827 20.628196
1766983517.499911 20.613699
1766983517.599878 20.600944
1766983517.699984 20.588939
1766983517.799829 20.581495
1766983517.899898 20.580481
1766983517.999995 20.593288
1766983518.099842 20.650431
1766983518.199922 20.689140
1766983518.299883 20.687575
1766983518.399978 20.703076
1766983518.499828 20.706707
1766983518.599918 20.695352
1766983518.699888 20.666325
1766983518.799975 20.723594
1766983518.899821 20.767224
1766983518.999921 20.797707
1766983519.099886 20.826960
1766983519.199981 20.870923
1766983519.299806 20.912156
1766983519.399897 20.959073
1766983519.499977 21.051398
1766983519.599813 21.168549
1766983519.699899 21.281277
1766983519.799978 21.343518
1766983519.899811 21.412576
1766983519.999902 21.453270
1766983520.099875 21.455965
1766983520.199972 21.507154
1766983520.299809 21.559488
1766983520.399900 21.615015
1766983520.499985 21.700961
1766983520.599826 21.816613
1766983520.699910 21.886209
1766983520.799875 21.952110
1766983520.899963 22.015546
1766983520.999808 22.021565
1766983521.099895 22.010619
1766983521.199978 22.009699
1766983521.299828 22.029282
1766983521.399911 22.018495
1766983521.499881 21.989529
1766983521.599964 21.949861
1766983521.699808 21.897665
1766983521.799908 21.815707
1766983521.899993 21.730331
1766983521.999846 21.686161
1766983522.099928 21.620507
1766983522.199894 21.543936
1766983522.299977 21.453598
1766983522.399817 21.374280
1766983522.499913 21.274928
1766983522.599877 21.215821
1766983522.699967 21.161543
1766983522.799814 21.103305
1766983522.899902 21.020880
1766983522.999890 20.987640
1766983523.099993 20.940250
1766983523.199844 20.856404
1766983523.299927 20.797429
1766983523.399881 20.783180
1766983523.499972 20.727967
1766983523.599810 20.619108
1766983523.699907 20.539201
1766983523.799988 20.469557
1766983523.899826 20.376223
1766983523.999911 20.286121
1766983524.099878 20.249556
1766983524.199971 20.217664
1766983524.299801 20.157882
1766983524.399885 20.102178
1766983524.499988 20.041779
1766983524.599821 19.974402
1766983524.699910 19.919453
1766983524.799999 19.871479
1766983524.899836 19.839260
1766983524.999938 19.830135
1766983525.099894 19.817583
1766983525.199985 19.798070
1766983525.299806 19.795384
1766983525.399905 19.772691
1766983525.499875 19.715078
1766983525.599953 19.670404
1766983525.699788 19.634040
1766983525.799993 19.641889
1766983525.899825 19.635099
1766983525.999914 19.632812
1766983526.099882 19.615904
1766983526.199969 19.592037
1766983526.299807 19.532594
1766983526.399890 19.491049
1766983526.499988 19.427568
1766983526.599848 19.368816
1766983526.699928 19.347062
1766983526.799899 19.337561
1766983526.899989 19.339050
1766983526.999829 19.343236
1766983527.099921 19.365664
1766983527.199893 19.337551
1766983527.299968 19.316684
1766983527.399800 19.281483
1766983527.499885 19.272467
1766983527.599963 19.290880
1766983527.699800 19.296242
1766983527.799881 19.269076
1766983527.899976 19.272300
1766983527.999805 19.292467
1766983528.099897 19.245275
1766983528.199986 19.234125
1766983528.299820 19.230353
1766983528.399912 19.180934
1766983528.499999 19.147785
1766983528.599839 19.183173
1766983528.699926 19.229469
1766983528.799887 19.251693
1766983528.899961 19.279719
1766983528.999806 19.319371
1766983529.099893 19.284462
1766983529.199981 19.218369
1766983529.299837 19.203315
1766983529.399934 19.177759
1766983529.499775 19.084696
1766983529.599989 19.011839
1766983529.699834 18.962806
1766983529.799920 18.905601
1766983529.899897 18.894037
1766983529.999875 18.922764
1766983530.099960 18.940603
1766983530.199800 18.957091
1766983530.299903 18.987262
1766983530.399882 18.981549
1766983530.499974 18.986231
1766983530.599823 19.055387
1766983530.699926 19.078231
1766983530.799890 19.058989
1766983530.899981 19.098849
1766983530.999826 19.150552
1766983531.099911 19.210925
1766983531.199878 19.258481
1766983531.299961 19.324559
1766983531.399806 19.401914
1766983531.499889 19.441181
1766983531.599989 19.406832
1766983531.699833 19.403843
1766983531.799934 19.386191
1766983531.899787 19.319764
1766983531.999994 19.255356
1766983532.099831 19.243609
1766983532.199918 19.244905
1766983532.299775 19.249521
1766983532.399985 19.238927
1766983532.499816 19.235235
1766983532.599909 19.220693
1766983532.699884 19.184257
1766983532.799981 19.223683
1766983532.899816 19.295704
1766983532.999894 19.408568
1766983533.099969 19.478800
1766983533.199806 19.573280
1766983533.299887 19.631607
1766983533.399986 19.657399
1766983533.499843 19.642446
1766983533.599933 19.657967
1766983533.699898 19.706985
1766983533.799984 19.740153
1766983533.899813 19.816953
1766983533.999911 19.915877
1766983534.099990 20.013025
1766983534.199826 20.089037
1766983534.299928 20.141346
1766983534.399893 20.161024
1766983534.499988 20.194573
1766983534.599831 20.237876
1766983534.699918 20.310728
1766983534.799998 20.360124
1766983534.899838 20.415796
1766983534.999949 20.481503
1766983535.099792 20.561830
1766983535.199882 20.640893
1766983535.299972 20.764242
1766983535.399808 20.859501
1766983535.499896 20.902051
1766983535.599990 20.874966
1766983535.699830 20.822433
1766983535.799919 20.789595
1766983535.899890 20.778527
1766983535.999986 20.796488
1766983536.099823 20.861207
1766983536.199929 20.911831
1766983536.299889 20.889784
1766983536.399996 20.835055
1766983536.499845 20.775097
1766983536.599922 20.745387
1766983536.699891 20.765264
1766983536.799973 20.807334
1766983536.899819 20.888578
1766983536.999890 20.966252
1766983537.099981 20.976202
1766983537.199812 20.941060
1766983537.299896 20.952371
1766983537.399997 20.973634
1766983537.499847 20.984310
1766983537.599946 21.027683
1766983537.699799 21.068526
1766983537.799876 21.078256
1766983537.899973 21.095148
1766983537.999816 21.092476
1766983538.099902 21.106769
1766983538.199994 21.128962
1766983538.299824 21.140740
1766983538.399912 21.136657
1766983538.499988 21.166071
1766983538.599828 21.173907
1766983538.699936 21.184153
1766983538.799896 21.215202
1766983538.899980 21.247595
1766983538.999815 21.241815
1766983539.099903 21.265513
1766983539.199884 21.271029
1766983539.299976 21.275297
1766983539.399814 21.274664
1766983539.499885 21.291061
1766983539.599967 21.285456
1766983539.699808 21.236568
1766983539.799915 21.133191
1766983539.899880 21.037868
1766983539.999967 20.985378
1766983540.099794 20.957590
1766983540.199882 20.916729
1766983540.299977 20.854194
1766983540.399819 20.794782
1766983540.499920 20.739278
1766983540.599893 20.616336
1766983540.699987 20.479251
1766983540.799837 20.376296
1766983540.899930 20.221414
1766983540.999885 20.073375
1766983541.099974 19.998824
1766983541.199818 19.927607
1766983541.299904 19.819338
1766983541.399985 19.718326
1766983541.499829 19.560848
1766983541.599930 19.393550
1766983541.699897 19.276807
1766983541.799994 19.256616
1766983541.899837 19.237224
1766983541.999922 19.258464
1766983542.099891 19.177219
1766983542.199979 19.051284
1766983542.299815 18.918189
1766983542.399907 18.823610
1766983542.499884 18.689057
1766983542.599965 18.593595
1766983542.699819 18.591087
1766983542.799907 18.548495
1766983542.899983 18.517438
1766983542.999814 18.495072
1766983543.099911 18.479206
1766983543.199992 18.414502
1766983543.299844 18.362594
1766983543.399925 18.313152
1766983543.499880 18.237627
1766983543.599957 18.203959
1766983543.699807 18.221410
1766983543.799900 18.256423
1766983543.899984 18.289175
1766983543.999812 18.351640
1766983544.099893 18.410971
1766983544.199983 18.417546
1766983544.299819 18.314162
1766983544.399903 18.247386
1766983544.499976 18.223577
1766983544.599831 18.183773
1766983544.699924 18.138986
1766983544.799780 18.223122
1766983544.899976 18.280934
1766983544.999835 18.244944
1766983545.099931 18.178028
1766983545.199884 18.043267
1766983545.299972 17.931154
1766983545.399792 17.892846
1766983545.499885 17.948694
1766983545.599965 18.008447
1766983545.699809 18.089461
1766983545.799897 18.077352
1766983545.899993 17.975624
1766983545.999834 17.786222
1766983546.099927 17.609070
1766983546.199892 17.631100
1766983546.299981 17.712744
1766983546.399818 17.720665
1766983546.499906 17.689145
1766983546.599999 17.748537
1766983546.699841 17.692192
1766983546.799937 17.695626
1766983546.899883 17.740474
1766983546.999962 17.860060
1766983547.099798 17.895393
1766983547.199879 17.885926
1766983547.299972 17.782270
1766983547.399809 17.778197
1766983547.499888 17.771198
1766983547.599970 17.783920
1766983547.699802 17.848710
1766983547.799899 17.951162
1766983547.899996 17.930054
1766983547.999828 17.878010
1766983548.099915 17.849282
1766983548.199890 17.806717
1766983548.299989 17.684000
1766983548.399827 17.590155
1766983548.499916 17.527039
1766983548.599878 17.444706
1766983548.699967 17.277263
1766983548.799818 17.189409
1766983548.899907 17.082137
1766983548.999879 16.987668
1766983549.099959 16.890731
1766983549.199791 16.834335
1766983549.299991 16.747722
1766983549.399839 16.679738
1766983549.499927 16.543224
1766983549.599879 16.411731
1766983549.699969 16.316783
1766983549.799814 16.263898
1766983549.899915 16.178458
1766983549.999885 16.102673
1766983550.099966 16.008889
1766983550.199811 15.968358
1766983550.299898 15.826347
1766983550.399994 15.690980
1766983550.499843 15.614567
1766983550.599931 15.545911
1766983550.699889 15.357762
1766983550.799986 15.211661
1766983550.899839 15.087018
1766983550.999932 14.963175
1766983551.099785 14.830403
1766983551.199880 14.772361
1766983551.299975 14.767067
1766983551.399817 14.694314
1766983551.499910 14.497181
1766983551.599993 14.344926
1766983551.699835 14.221017
1766983551.799906 14.161376
1766983551.899877 14.162870
1766983551.999960 14.183106
1766983552.099790 14.091811
1766983552.199878 13.981720
1766983552.299964 13.810086
1766983552.399815 13.691652
1766983552.499910 13.602100
1766983552.599875 13.601947
1766983552.699944 13.618063
1766983552.799783 13.600446
